article_id,published_at,date,title,link,source,query,label,confidence,sentiment_score
7092f21c63bf544d424d1101,2026-08-09 07:00:00,2026-08-09,‘The Squirrel Pounced on the Apple and Scampered a Few Steps Away’ - The New York Times,https://news.google.com/rss/articles/CBMidkFVX3lxTE1sajNmVVBDMHFLeG1wOUxGUnFoZ0cwczFZTU8yOVNRWGxIVmQzbHNQSjRadnoxbTNRRjQwNmtqUF94QWs4YjRfZmNBd0RrZF9CaVJSOURMSVdXYWNmVzRxVkY1YkR5V3c5T2ptTW1kVWp2eFZTN1E?oc=5,The New York Times,"(""Nasdaq 100"" OR ""technology stocks"" OR semiconductors OR Nvidia OR Microsoft OR Apple) when:30d",neutral,0.7576016187667847,0.0
5fde6ab1b4fe0c7184169a21,2026-08-09 10:54:00,2026-08-09,Apple Tests Chinese Memory Chips as Supply Squeeze Bites - WSJ,https://news.google.com/rss/articles/CBMilAFBVV95cUxNMlR2QW5JZE9sLXYta285NU5Oa3kwdHhXQUk0WE5nT3lPbGxhSEJXQzlOUndnYnp3VzE3UmZJNzUya2NFS3pGUU1LWEFFbEZIaTVzajRrX09CYnBqRnBTSU1aXzgwSXlDTEVKMXNOc1BpcVA0M3BBSUVaQU1UWGc3NlZTempuTlZ0WDluUjdCZ0xtSm1D?oc=5,WSJ,"(""Nasdaq 100"" OR ""technology stocks"" OR semiconductors OR Nvidia OR Microsoft OR Apple) when:30d",negative,0.8112276792526245,-0.8112276792526245
dbf5068b90ead191b41f6962,2026-08-10 07:00:00,2026-08-10,Nvidia lines up $500 billion in financing as CEO Jensen Huang tells CNBC his chips are ‘investable asset’ - CNBC,https://news.google.com/rss/articles/CBMilAFBVV95cUxPRkc0VE5DYXlTRVNaYU1DRElZUVVwNDR3VG5aQ0pUTzlGS0c1UFNzUVA5Z3NIdFktV3hscktUVnVsS0UtR2RxZ0JQOWJZcElRZDNZRGNncXBWSTZFWFp3NWdwM054MFJ2OHVkWkpSdVJjVGFxbmNIQjdKanlZVFdmRkJvUFdzZkVlN0pCMEdqbzNCX1Yy?oc=5,CNBC,"(""Nasdaq 100"" OR ""technology stocks"" OR semiconductors OR Nvidia OR Microsoft OR Apple) when:30d",neutral,0.824377715587616,0.0
21c9affcdc756f3582836256,2026-08-10 07:00:00,2026-08-10,Apple TV reteams with Alfonso Cuarón on new series “Ascension” - Apple,https://news.google.com/rss/articles/CBMixAJBVV95cUxQT1ZzTzVnSFBfdm1uWFU0dW11SFJRSVNKajRXZHBldThBcXBLeWEwNjhTTEhyclhhTFNlcWRNVFRqY1g3RE9xcjVvSkFoVmZkX19xandMSno0d19tZHcwOXBtZTRvVzgyRUZFdFlueFpvMkxISzBMQ05NVHM4RGlzWjRuSTE3czQzeGxjWEF3UmlPZ3ctQWtPUnlVZ21Idk5DZm1ZRGZHNGZVdGpZaHRabjkxeTFZc3loVGVjN0I0c214aVhMUXFuYzFxbVV4MmpUalJqN3dDR3RNRXVrMFk0Smhaa0hiQ2NsN2E3VHRTem5fZl9lMGZmaDl2TjFXSE5RbVpyVXVZRWltcVh4QjFacGIwSFhVN2tnY3FGUF9DZTdERlotNGgzaDYzeHI4UGZXTVhxM0UzY1YtbmJVaHVJUDdPNmM?oc=5,Apple,"(""Nasdaq 100"" OR ""technology stocks"" OR semiconductors OR Nvidia OR Microsoft OR Apple) when:30d",neutral,0.822922945022583,0.0
4e633d353eaba71170ca0ce3,2026-08-10 07:00:00,2026-08-10,How to build an AI agent: A simple guide for anyone - Microsoft Source,https://news.google.com/rss/articles/CBMif0FVX3lxTFBOY3otWnlnb3JFLXVBbjR0YUNmNTMzd3FLMlRib0lZMFAtYW16VFlQS0dZamQ4MVJMOTRad3IzbF9DbzhiU1lSZkkwVGJJRXFmdXhqSUEwUlR5Q1l2M0xHeHNXU1V0UmNvbG9zSHFtR3J1MTJwVlBSdG01eFBFYkE?oc=5,Microsoft Source,"(""Nasdaq 100"" OR ""technology stocks"" OR semiconductors OR Nvidia OR Microsoft OR Apple) when:30d",neutral,0.9272968173027039,0.0
3652b881275c5e597861410f,2026-08-10 13:29:50,2026-08-10,Run Local Agentic AI Workflows with Meta’s Muse Glimmer on NVIDIA | NVIDIA Technical Blog - NVIDIA Developer,https://news.google.com/rss/articles/CBMioAFBVV95cUxNY2l4UGplR3p1OXVuS2tCc3Q3TDV6MmtVRkVmdUhodzJSZE9EeG91dmt0S3VQbkU4OWpFM3dHb2NHS1R3M21uOVloT25jdTh2M2IzZ3EyUnVzUDhRRTZQc2NxbjNjUkpONnRMSFZqWUJRTHlaMWZJanlOLUFUSzRlUExXVFFpWDRpRFF2M3d5X1FKZ2ItNXdWR1FwZVF6V2xP?oc=5,NVIDIA Developer,"(""Nasdaq 100"" OR ""technology stocks"" OR semiconductors OR Nvidia OR Microsoft OR Apple) when:30d",neutral,0.9348475933074952,0.0
f8e8c1d82e80e909b36d2808,2026-08-10 15:04:35,2026-08-10,"Apple, MLB announce September “Friday Night Baseball” schedule - Apple",https://news.google.com/rss/articles/CBMioAFBVV95cUxPc0MxeEwyQ3hBaW9La0VqRi1aV21tQTNZLVJJR01rTzZqaGVrLTAzTWpfNDdRQ2hudW1DZm9fNWdQUHdWbWk3cUdwaVoyQ3ltVnZyak9sQ2pVRG9ybkpmaURzNDduTjVGTUl3RUxEajFQUVpidEJzUGV2bG9kNG5ldjlyVXJuYkRSaERFSDJyOXlzMXlhazJtX1FsMFJNMkdM?oc=5,Apple,"(""Nasdaq 100"" OR ""technology stocks"" OR semiconductors OR Nvidia OR Microsoft OR Apple) when:30d",neutral,0.937807559967041,0.0
4e708789a343f1494ea18b2d,2026-08-10 20:09:50,2026-08-10,"NVIDIA Partners With Apollo, BlackRock, Blackstone, Brookfield, Goldman Sachs and KKR to Establish AI Compute Infrastructure Financing Platforms to Mobilize Over $500 Billion of Third-Party Capital - NVIDIA Newsroom",https://news.google.com/rss/articles/CBMiywJBVV95cUxNUGxLczhkY1phSHVqWkVkVWFNZUtzVjVXSmxlUzZBd1hjc1huVnpiMXZ1VWI1VE8zR09yR0ZQOURYM1F6Yl9mYlVtYmMyeDV1RHRSdVRvT0hfT0tzSklWb1plUHdpSXRjazVSVDIzMmFJekd2M1NXV2F2OW5UZ2dDS2F6LXBya2FpODJySFNVdjBFdFQyVkxCQ2F0ZVdCYkVxOEM5c3NZZ1VGTWhvS2V2V205dVVQRFJGRGx4N2xoRXBZQmpodzhxeHU3VGstV21KUEhfeGgwd1FYRVlXRGQ4WVJPUXpFM0dqS2lPaDZiV1VfOXdERVFGZVlHVHZaY3o0a0xTME9JMFJxaklvV1NNNEJabWdCNlhFT29sVE9UQ0FNX3o5ekY4YmtCLTlOTnZiZnUxSThVRVRwOHFhUldVSVIxU0FuWVpQSEpn?oc=5,NVIDIA Newsroom,"(""Nasdaq 100"" OR ""technology stocks"" OR semiconductors OR Nvidia OR Microsoft OR Apple) when:30d",positive,0.5146081447601318,0.5146081447601318
77e9f578af72834e5312e586,2026-08-10 21:47:00,2026-08-10,"Nvidia, Wall Street Firms Strike AI Financing Deal Targeting $500 Billion - WSJ",https://news.google.com/rss/articles/CBMitgFBVV95cUxPSkFmbVVoX2c3Q2N5RElCSTdSUzR5OERxUDJjaUNmTFhORUl3WXFhcWotWDVNZnVCcTFiV2x0THdEbXhHNWVxMVNIQnlJdFllTzRFcFJ1ZDFGOG9LbDhxTWhYRURxbHhFOTdFdGpHcnNBRjhNdFVsRWNKVTZZM0MxcDR2UV9YeXNrbWp3enp4SzJMaGJUQ0hld0YzSlNqQ1hnLXRYcnVWSWZRMVZMV1o5UW1iUU5EUQ?oc=5,WSJ,"(""Nasdaq 100"" OR ""technology stocks"" OR semiconductors OR Nvidia OR Microsoft OR Apple) when:30d",positive,0.7946994304656982,0.7946994304656982
e82c2f211e411789d8681044,2026-08-11 07:00:00,2026-08-11,A new approach to radiology AI - Microsoft,https://news.google.com/rss/articles/CBMilwJBVV95cUxNRk5ROFZqVnJ0aXlDTWZvZHN1cngteW9VQUpjNHBUYlhOMDFocnc0M1g2V3pYZDRvN2MyUEFseERLRjB5TVdzQmFYQTdoTzBfZGFlSEpTZ0UzUGRPM2xCTXJwbHJNUTlrb0gwdHRObC1aN2o4UTQwdjdCelhDNEIwdUdMR3RUNkJVSXYwODlEVnM3dWFHLVk1czdWY3JSdS1xb05YTHlsemJhOG5kT3FFZ3loR0hzeDBZNU5TSThhSDJmOFBnNmFyY1FnVUFXYXQ2ajJ6ZGxaUHc2MWJpV2NQU1BuSmV1UVdHOHJLcExDeTFzWnJwSXVTbUQxa0RIRWtEcm5CbHpCV2lIWkV5b0ZXRlA1ajVvT2c?oc=5,Microsoft,"(""Nasdaq 100"" OR ""technology stocks"" OR semiconductors OR Nvidia OR Microsoft OR Apple) when:30d",neutral,0.867911159992218,0.0
a65be2d24eb6f8ae2a5c77c3,2026-08-11 13:01:47,2026-08-11,"NVIDIA Nemotron 3.5 Lightning and NeMo Switchyard Deliver Faster, Smarter, More Efficient Agentic AI - NVIDIA Blog",https://news.google.com/rss/articles/CBMid0FVX3lxTE44a0Z4MVlQcjdHM0Fhc0hpeVljTFlVb0Z4Y3JyRVlCU25XZjB4ZUVNRWhFTWZESmw1WWFpaGZoSENXUE9hMDk3Y2NrVC1KVzltbWFkSjMySndTX2ZWLU5FY2FFRGhCS29mYmhxTTgxMllFSEFBdjFv?oc=5,NVIDIA Blog,"(""Nasdaq 100"" OR ""technology stocks"" OR semiconductors OR Nvidia OR Microsoft OR Apple) when:30d",positive,0.6682847142219543,0.6682847142219543
23fdbb181d8664c45fb8b8b4,2026-08-11 13:01:48,2026-08-11,"NVIDIA Nemotron 3.5 Lightning Delivers Fast, Accurate Specialized Task Execution for Long-Running Agents - NVIDIA Developer",https://news.google.com/rss/articles/CBMi1AFBVV95cUxOZk9VYVA1MTFfVmM1c0ZvWEFMajRsUmFvOHJOWkt4ZEVqVGg3SEpPTEpRV1RhYkdDRy02MjFaaE53X1JyWWhpMlFCWU55SzRwcVYtZ1ExS01wTDJJUjdfOGhaTjdlNnpzcllTeEF6Uko4N25fNWxsVkFrR3Bxc0lxYzd2R3NMZWxxSTd4Sm5vVkoxMGo5Y1hhSXhHLVQwUWttRU5Cb0RtaXlkbDk4ZHNEZXl2MW5WYU5ZOUV3NmhROFVsRkZNMUJWSjVWS3FNT29vOFVCVQ?oc=5,NVIDIA Developer,"(""Nasdaq 100"" OR ""technology stocks"" OR semiconductors OR Nvidia OR Microsoft OR Apple) when:30d",positive,0.5846844911575317,0.5846844911575317
f00292edd58bdcb9578a4ff5,2026-08-11 13:01:48,2026-08-11,Route AI Agents Across Models with NVIDIA NeMo Switchyard | NVIDIA Technical Blog - NVIDIA Developer,https://news.google.com/rss/articles/CBMiowFBVV95cUxOTmVFSzFuVmdReS0wZXZxMDJKRW5JdW5CcFE2VEhDTG9OUkhkamM5d25TWTRpSy1lNm4zX1V5bHlPZDZIbXpXMi1vQ0VwZEY1aHdCeHgwYVZZVzU2NGQzeG9JbEJYaHRsWmM0UVJZbWtsSERzby1OVmZxSVFfeUdiY1lfLU95MEp0blZJRnRpS0habVNfZlFkVHg2YWJscHhxU2tF?oc=5,NVIDIA Developer,"(""Nasdaq 100"" OR ""technology stocks"" OR semiconductors OR Nvidia OR Microsoft OR Apple) when:30d",neutral,0.928511679172516,0.0
cf29a0278b976ea0e99ac3e4,2026-08-11 14:02:07,2026-08-11,Apple Arcade levels up with Block Blast!+ and Art of Fauna: Cozy Puzzles+ - Apple,https://news.google.com/rss/articles/CBMiuwFBVV95cUxQRE1zTHJRZ3Jpd3dwT0dkQXF2MVJGbDc2bUtwc0ozdzZrNXpWRmZUNFJPWjZ5aGxRMmFpUGZNazJtY2hUVjYzVGpieUh4VWRXN1hscWVLSHU2WFVFZ1V4bmVteU5hVXR4bmJyc1ZIdG9paUp5ZHNROGRxWUtpbEtpVC1DellSenVFMHJySEtFQl9LYVBoOXhBeUFIQXR3c2I2SE5HOGpjRGkwOExCSHZUNy1qUE9XRk9Tc1Mw?oc=5,Apple,"(""Nasdaq 100"" OR ""technology stocks"" OR semiconductors OR Nvidia OR Microsoft OR Apple) when:30d",positive,0.7536301016807556,0.7536301016807556
a020da84c2addfa545fadd50,2026-08-11 14:56:07,2026-08-11,Nvidia's AI revolution will be securitized - Axios,https://news.google.com/rss/articles/CBMie0FVX3lxTE1kT2ZfYUFIQTlLdUxHMVk2cUxfZmJHN2had2lQMVBfWHFKcXVpcTJNb0JzelVWTm81ODhiZGViS2hXdzE0bGF5WlBkN3ljY2RiM2MybHlLbGxlQVc0Y2dzTy02eEpUM082c3ZpQnRXR2RmMTBqT3RRdG5kdw?oc=5,Axios,"(""Nasdaq 100"" OR ""technology stocks"" OR semiconductors OR Nvidia OR Microsoft OR Apple) when:30d",neutral,0.9499643445014954,0.0
7916eb61365c66c7431de039,2026-08-11 18:41:09,2026-08-11,NVIDIA and Local AI Community Fuel Open Source Models and Intelligent Agents - NVIDIA Blog,https://news.google.com/rss/articles/CBMif0FVX3lxTE45UUttUUMyRTI3WHVUbF9oMlRKX0NIUHJ2WUFobm9Ta3NubmhVS0pmRjkxMzZILU0wWEFFa1JWTXVBYVhzTkhhS292U1hOWUFoUkRrOUJTTFY3RURHTkZjMWlyTVhlYjE1bHQ2M3ZDRzNlSWlpNDJPTUM1d0l0eFU?oc=5,NVIDIA Blog,"(""Nasdaq 100"" OR ""technology stocks"" OR semiconductors OR Nvidia OR Microsoft OR Apple) when:30d",neutral,0.8606413006782532,0.0
4532f7cc6dd05f3f637f82de,2026-08-11 19:12:15,2026-08-11,NVIDIA JetPack 7.2.1 Adds Agentic Video Skills and T3000 Emulation | NVIDIA Technical Blog - NVIDIA Developer,https://news.google.com/rss/articles/CBMiowFBVV95cUxOdHBsTE9HemxfZGJUQjh5VjVGZ1NGLTF1RU9JYlFsWGhZRl9wUGFQRHJ4YmVVbFBSVU5OTlBpX3U4UWxISWlfOFFEdFVuRHNzTlBuWF9hbFZ2MXdMbmNPWWU5dnFrcnVuQkpCRnFBSHF4eXpOWS1CTDNaUW5GZ1RqaVFWamNRYjVNM0NaVl9ackZzeS14dElNYWJ3WjhIZ05lSHhJ?oc=5,NVIDIA Developer,"(""Nasdaq 100"" OR ""technology stocks"" OR semiconductors OR Nvidia OR Microsoft OR Apple) when:30d",neutral,0.8608391284942627,0.0
4c03fddeba99701d0f113041,2026-08-12 01:17:00,2026-08-12,Why Wall Street and Nvidia Are Building an Exotic Money Pipeline for the AI Boom - WSJ,https://news.google.com/rss/articles/CBMiuAFBVV95cUxOOXkzcldHWlgwNW5GaHM4MHpSR3ZuSFp4RTBtMXdXLTJoZ2w4WFZBNEtSaGZwblk0WUpwWFJtZjV4NVZrbXgtMVJZYWxnQ21EMlIyTkNoUmNLZ3c3elFEcmpyOWl3WEIyRU1ZdmhvR3FzUW1FMm1tdXhmOFEyY01Uazh3YWpPSmpuS2lZVC1MMlRIak9pTndidWNlX3Y5Y2RNUU80cXAwTzVGWS1WdThKMG54STBTWHFy?oc=5,WSJ,"(""Nasdaq 100"" OR ""technology stocks"" OR semiconductors OR Nvidia OR Microsoft OR Apple) when:30d",neutral,0.8953436613082886,0.0
398a34b3f95cae184b5f0ce5,2026-08-12 18:29:41,2026-08-12,"Serve Qwen3.8-2.4T-A95B, a 2.4T-Parameter Model, with Configurable Reasoning on NVIDIA GB300 NVL72 - NVIDIA Developer",https://news.google.com/rss/articles/CBMiywFBVV95cUxQOHBlRVZPd1pMMDlFM3pmd3RVcnVxUWlKejJCWHZZb0kyUnB6akZWRVNkQnA1bGppQzItdm43dW8xRVIyZ2k0X19MYWRqcmlhQ3NvNGluME1IX2JlX01xM2RMT3d4aDZiUFhVN3JxZ0xEamdqVEh6OVNfWEk5QlRGUUxMempxZGZYX3RBYlAtNHVFMk50d2Z1eV9saXdscnhtWFFmbTlOQjZYMHc1Mkt1X1dIQnA4aDR0NEpPa1ZGYVBGdjhHRHVfNm5lMA?oc=5,NVIDIA Developer,"(""Nasdaq 100"" OR ""technology stocks"" OR semiconductors OR Nvidia OR Microsoft OR Apple) when:30d",neutral,0.9005424380302429,0.0
5ba5cf0b3e1af84e9c53eb7e,2026-08-13 13:06:25,2026-08-13,"Class Is in Session: GeForce NOW Levels Up Linux, Chromebooks and More - NVIDIA Blog",https://news.google.com/rss/articles/CBMid0FVX3lxTFBKZXFDc3RJUmkxVkNWRzI0VlJ1QWdsRVdfQ1dmQ01NRndZamwtWlU1UDRveExYMmVtdFNUak45SDM1dVBscjViYkZNVUdVX3FtNTNReGxkOXAwcTMwNTZHTnhZS044eWpPSnFRZ1BkSFR6V2w5OWVn?oc=5,NVIDIA Blog,"(""Nasdaq 100"" OR ""technology stocks"" OR semiconductors OR Nvidia OR Microsoft OR Apple) when:30d",neutral,0.9108729362487792,0.0
b657b1c960b30fdfa096eb09,2026-08-13 15:48:15,2026-08-13,Amazon Quick for Microsoft 365: Agentic AI where you work - Amazon Web Services (AWS),https://news.google.com/rss/articles/CBMipgFBVV95cUxNclBqeDUzak1iN0lWdlk3UFVyNzAxTjJRM0F0S3kwSlRtLXpack9GUGtNelZySDliUnJ2VWRiakNCS3A0RFlrNVZ4bHJweUJ6ZU5Wa2RhRWU3ejhDcUZWa0toSXQ2YlRUR2FlRmp3Z2dzOVVtZDNmbGkzZHlMNEoxejExVGRVRl8wMUljX19xQzBBdk8xQUdCSDV4NHRKb1FLajh0UFl3?oc=5,Amazon Web Services (AWS),"(""Nasdaq 100"" OR ""technology stocks"" OR semiconductors OR Nvidia OR Microsoft OR Apple) when:30d",neutral,0.9489728808403016,0.0
7293da6bd70c9efe4a731357,2026-08-13 18:35:58,2026-08-13,Apple opens Advanced Manufacturing Center in Houston - Apple,https://news.google.com/rss/articles/CBMilwFBVV95cUxNTHBUVTVSdWdfXzR2T0kyNGJwZVFhbWNRS0N1NlpsY0hoODFwS2o0MHRmUTFHVDRCOHM5TWtxcDh4bEZUREVvNDB2aFk2b0FuZGF3aENMTEVFUjlReDdSR1NzT1FoM2Q2WVZDYTkyQV9VYS1uVnFzZU1lYmVQWnQxdFUwQkZvTFMxLXY5MHB0V1M4bFB4eFdR?oc=5,Apple,"(""Nasdaq 100"" OR ""technology stocks"" OR semiconductors OR Nvidia OR Microsoft OR Apple) when:30d",neutral,0.7017556428909302,0.0
d788a5e48b34d7cdb681db29,2026-08-17 07:00:00,2026-08-17,NVIDIA Guarantees SB Energy’s PORTS-Pike Technology Campus in Ohio to Exclusively Host NVIDIA AI Compute - NVIDIA Newsroom,https://news.google.com/rss/articles/CBMi1gFBVV95cUxNYXdyMXl0ZUs3UDVBSFo1a3BCcDg4UlZUazQxSEp1allrY1B3SEVxYnQ2RjFQVFY5T3Q1YUFYM19Jc1ZQNXVobGtZNVJBc1BPQXpFWFFsTlBvWEJqV3VRM1lCU0ZzSVlHcS14UGxUZldBaEVsdUJveHN0TXJOLURfWDBxRlJYaFdXMHREU3VSNlVrcFZncENub1czY2lGV1F6eGpGSWZiU2loYlJYVVRFZTdQSU80Q0lNZmdvX3FZQ0hTU1pjZF8weHhCRWEzeURkcDk3N1Z3?oc=5,NVIDIA Newsroom,"(""Nasdaq 100"" OR ""technology stocks"" OR semiconductors OR Nvidia OR Microsoft OR Apple) when:30d",neutral,0.893563985824585,0.0
181432ce26e3ba474e8c040e,2026-08-17 07:00:00,2026-08-17,Securing the Infrastructure of Intelligence - NVIDIA Blog,https://news.google.com/rss/articles/CBMif0FVX3lxTE9fSFBydWFKWkl3TU5YbTZnTF9WMTJCVUZldEY2VmNHMi1KM2s2Q0ZrSW9MZE1oU1N3ZFh6UjhZZDVlZkU0QUNub0NFR2VjSWNud1dYdjZ4bDRuR0JkSXR1SWJUWHd5NFk0ZExJQUhldXo4QUd5Y2lmaXJEM0RWX2c?oc=5,NVIDIA Blog,"(""Nasdaq 100"" OR ""technology stocks"" OR semiconductors OR Nvidia OR Microsoft OR Apple) when:30d",neutral,0.7962444424629211,0.0
c5bba67e98986c818d4f638c,2026-08-18 07:00:00,2026-08-18,Apple announces changes for apps in the European Union - Apple,https://news.google.com/rss/articles/CBMimgFBVV95cUxOLTlXWTh6TDhybE1lQ2lUVC0wMXNNZm5obGJha1BJeXQ4TFFPcUdBSy1HWHF5ZkdKajVWbmVYYWs3cDd2eDdWWlMwbkpLYjY3emRQeXBSOHUxM1VfcV9Za3RDQVgwTlh5Mk12aUpsbkp4Ml9LMEdmU3dhUTZWMUhjZFF3Y0Q3dTRDekFXVjJQeUtPZE00VWFHWE9B?oc=5,Apple,"(""Nasdaq 100"" OR ""technology stocks"" OR semiconductors OR Nvidia OR Microsoft OR Apple) when:30d",neutral,0.9005100727081299,0.0
15580437c47abd99ba7246a7,2026-08-18 07:00:00,2026-08-18,Apple TV debuts trailer for season six of award-winning espionage drama “Slow Horses” - Apple,https://news.google.com/rss/articles/CBMipAJBVV95cUxPcWdwalY2aU9MRTlrWGhkcmxqLTNtSlViU01aejNhazFQSkNNd0g2QWMwWTFmeDlWWFZNR0ptVjdHSzIxUVhZVU1DbXBzV3YwZ202Z3FESGp5NTQ3WTZKN2VtenJQcndDcnRKcVptbUFkTjRQTVhIeGttRUdxSl85OFRnRlVpaHl1bEhzc2JMSkxNNWR4OTlMZmgtUEtrOUZPU09BblhvQXJnZUtOb3plVldzdF9FQjJFcW5JN0ZjNVgxbi0zdVdxYU1fcV9KVEtoMmN2TDVIbzNLTVdLV1JJVnlYYUdmekhFNEJINHlxS0MxRE1DRXpwN1dxeEV5cVNSbHdyTFgzVXRCdXRkb2FFa0RWTjdZNWczWjZVNDFpOXhOVUdT?oc=5,Apple,"(""Nasdaq 100"" OR ""technology stocks"" OR semiconductors OR Nvidia OR Microsoft OR Apple) when:30d",neutral,0.884102463722229,0.0
26e447d42bfc9264116a0c91,2026-08-18 07:00:00,2026-08-18,Hunting MacSync Stealer infrastructure through behavioral pivots - Microsoft,https://news.google.com/rss/articles/CBMivwFBVV95cUxNdll1RHdTam1qRE5halphNkV1X182aU1BYnppbWtMQ2otbkxaOFIxOFZfNTlQbXF3QmRWeUl4M2V6bklZQzZsZ29UVDNWdk93QUhTMW9lLWRwaWcxUTB1cW5MeWdrY0pmYTlHemRIMG0wR2hwcE9EMG1ib3hOMGM2QXJVZThyVVAzQXREc0FmNFRpTkgzY3g3cFRmNTVVV0tpTU0yUkFBcnQ5S1VBWHhGbE5Uc2NMM01rQk5ramc3Yw?oc=5,Microsoft,"(""Nasdaq 100"" OR ""technology stocks"" OR semiconductors OR Nvidia OR Microsoft OR Apple) when:30d",neutral,0.9336071014404297,0.0
7d29d84ec9b092eb7cdc4400,2026-08-18 07:00:00,2026-08-18,Nvidia's AI moat is shifting from chips to capital - CNBC,https://news.google.com/rss/articles/CBMijwFBVV95cUxOeUVqUjhzeWswMXdGZlJFMWFhbWxRMHBlSTFQMEFaTjNWbWVla29BNGtPUDFLdTI3NGg2WE9zRE85QjZyaXdpU0doeDBzM1QzdGM1aG9GSTQ5cWxOUDlSX2lNekRWMkxlR1FKMjVwQVphOFAzRmVjZGRfOU03M2VGdWVNWGNvdHdXUjlFMXNBUdIBlAFBVV95cUxPOVJVZ203Y0JGbnk3WGNFWm1jcmNobDNzZ3dJSF9fNVp1c0RzYUtoQWtscGpaRlN6VWRDUEM1dUY5NW1xc2tBM0ItWWtTV2IxMDI3cjZidmNaVjZ6LWRfdWdrUW9keUcxdEc1VFBObmRxaTV1aHFzc1dzZHFTS1FZTjNmWUpWVmJsRDdrWmJvOExEVTdL?oc=5,CNBC,"(""Nasdaq 100"" OR ""technology stocks"" OR semiconductors OR Nvidia OR Microsoft OR Apple) when:30d",neutral,0.9139748215675354,0.0
b78add10b34b5b9510e531a5,2026-08-20 07:00:00,2026-08-20,"Apple TV’s sports comedy “Stick,” swings back into season two on November 4 - Apple",https://news.google.com/rss/articles/CBMiigJBVV95cUxQeExyaExxYXJ4eVlJckhnN0dtckVJQ2tGY28tU3dJWWVDOWRCZUVJRDFpUmxIYjM2NHhRZ1pFNDkyT2h3NzhjUVdqck80Ylk2STVVMmJPRktvdnBfZk00SFVJNTZ6aHZXWHkySi1lMGdFSGU5SXVVNWlWa1FtV0Iyd2ZuTUEyeHVxWG5Ka1hBaDlNSkdtc2hPaDQxUlRNUDdyaGRLMG4wUzdLOGswYzhQSmhzQlQxdXh6d09HM1g5TlQxcWtUelZnS0phWHQ5TERubWtnN2tKYm1wMUhNcGdKdmNqZDB3d1hBdnB5dGlMNXBJLTd0dkFGVDJ6TF9MdnRFSFUxNkY3TXdCQQ?oc=5,Apple,"(""Nasdaq 100"" OR ""technology stocks"" OR semiconductors OR Nvidia OR Microsoft OR Apple) when:30d",neutral,0.8701962232589722,0.0
a82272a573b53cd2672f8d31,2026-08-20 07:00:00,2026-08-20,Bring the Fire: Play Games on GeForce NOW With New Firefox Browser Support - NVIDIA Blog,https://news.google.com/rss/articles/CBMia0FVX3lxTE1vVmJDdVU0eFdiSklhY2tadmdaY2UwRnh3UEx4OGVkTmVVa0lLaDJNZlZjTV81VVFJaUtYb0JlaUlSdHBrY1FIQ3JkYmg2ODlYMVJJTjZ4VXdDbllHRVVQaVctUG5kOUlmeWxr?oc=5,NVIDIA Blog,"(""Nasdaq 100"" OR ""technology stocks"" OR semiconductors OR Nvidia OR Microsoft OR Apple) when:30d",neutral,0.8789305686950684,0.0
592874a38a7cc81dc63ba6e3,2026-08-20 07:00:00,2026-08-20,Broadening access to Skala creates a faster path to predictive DFT - Microsoft,https://news.google.com/rss/articles/CBMiswFBVV95cUxNMndLWk5RM0R1SVEzWUZyQ3ZqUHo1aFR3LUxUa3NQdDN2OS1Ma2taX1pjLTlCcU1nTWRYa25JbDlNRlVVSmFDdzktSm5hS3oxaGxnN1F2LTdjMmpJNGFQQWFUWjYwOE1WUkU3czB4cFZOcl9RYVhGd0o2ZTNHZjRYa25WWTlPbENiTnd5M1JzTHp4cm9HVXQ3dVBMT0hpWU9jY09XSXlEN3ROZ1N5MkhmQW0waw?oc=5,Microsoft,"(""Nasdaq 100"" OR ""technology stocks"" OR semiconductors OR Nvidia OR Microsoft OR Apple) when:30d",positive,0.8579964637756348,0.8579964637756348
1d142cf75a0c7be4ba4f0a91,2026-08-21 07:00:00,2026-08-21,"NVIDIA AVO Reaches 100% on ARC-AGI-3, Demonstrating a Frontier-Level General-Purpose Architecture for Long-Horizon Autonomous Agents | NVIDIA Technical Blog - NVIDIA Developer",https://news.google.com/rss/articles/CBMi-AFBVV95cUxOeWdoMm9yUFVic2RHYzhQdkZobHFiZmp5YTRYV193V1ZyaEhLX2ZaS3JRbDI1b3AtdVgyU0Q4R004MXByVjJTa2E0b20tbjJSMnpTY3BtV3ZtcmtyZkNNUUJGTnU4T0lveExzS3ZiSDBuQVozRHpxcmV1UVUyUm9USDdqZm9BUEFjcm5aM0pQQzE3TzZPZWMtU3AxQjBZN2txbEVYclh6R1Ixa2dyalpfMU9XX1lXdzVpUTRBSmpFRlc0Ulh0Y1lGM3IxaFJLcV9JNDBWbEFTd08wNDFyQ3hlZnN4ckNLODV3d0J3TzRORGZhaUlKSDNsQg?oc=5,NVIDIA Developer,"(""Nasdaq 100"" OR ""technology stocks"" OR semiconductors OR Nvidia OR Microsoft OR Apple) when:30d",positive,0.8206421136856079,0.8206421136856079
ebfa71201584201ed15cbb52,2026-08-22 07:00:00,2026-08-22,Nvidia customers reportedly warned about AI-related price hikes - CNBC,https://news.google.com/rss/articles/CBMiowFBVV95cUxQbDg2ZnNCREtJeGoxQlhMdWp2M1lSRjM2dDg5R1AwanNOdEZIYVFOMUZ0RG5rbGRfa3JFMmhVUDhyTWcxM3VNVEhERnc3VmtwM2F5eGZaVllKeUZ1dFVrRmxwc0E1Sm80VDctYzlDNkFSejFrU2N6X1FTWlM0bG03UlpKQUFXNkx3ekE3Q3lBcGhjUVlBVThnWHRGY0tsZi1MSTBV0gGoAUFVX3lxTFBrdUpId05mVHUwNWVSZW1ibUNKVW9pV1pvNjBBdkx3WWNDdmxIOG4yR2dkZFd3OG1GQ0hBeWw1NlEyM2x5S3EyRUw0R3BnMVRLM1pjNU1IMU5sNVRENktqbVdMYUNMS2dUQkF4MTRmLW9FMmlMMy1CUWV2RUJUc0pWeElhdV9GN2NEQndueDhFclMtakdlcjFkNy1HYzUtaXdvekJCcVVSeA?oc=5,CNBC,"(""Nasdaq 100"" OR ""technology stocks"" OR semiconductors OR Nvidia OR Microsoft OR Apple) when:30d",negative,0.9126633405685425,-0.9126633405685425
5e740069a364bc7895993721,2026-08-22 07:00:00,2026-08-22,Nvidia Is Spending $6 Billion to Build a Powerful U.S. Alternative to Chinese AI - WSJ,https://news.google.com/rss/articles/CBMitgFBVV95cUxPWHdVbW56NVZvU3ZwQTRIcmdRUVVZWjBVc1J4TFhhVUs2VE5RY21CNEpSdHA2NUJLa0daUVhYcGJwaGh6bERReE5fcFdFdHJ5bWpXa1dPTkFweDVVS3AycGxMa3VqS2JDS0VTZDNIb2RYLVVYcmdxT2xQUUpRSXNFbHhTTVozVjVyUkVYRmItTzc5SlIwS2M0NVZseUtUWFZDX3V6azMxTHJhdHJwYm5XU28yUmlzUQ?oc=5,WSJ,"(""Nasdaq 100"" OR ""technology stocks"" OR semiconductors OR Nvidia OR Microsoft OR Apple) when:30d",positive,0.8003004193305969,0.8003004193305969
33b0fcdc7b860be1311c422d,2026-08-23 07:00:00,2026-08-23,Wall Street Is Counting on Nvidia to Keep the AI Party Going - WSJ,https://news.google.com/rss/articles/CBMipwFBVV95cUxQcEVGeXQwZFloV1dOS1JyclZMeDdyMmJZcF9KRVlwR1d6NVhITlh5Ml84cHhadmNpaTcxSHFneU16YTUweXUzY1c4eTVDV3Q5WjZmZF9sWlRPa3dzWUZoaGV3SjBhUkR4N2ZoQ1Q0YlY2cWloNVQ0cWl2bGJ0VG1xN0I1Vlg4QUQ0TG82emJDcS0zVTJ3Qk9vcFFMWHpNb09UY1YxV1NzQQ?oc=5,WSJ,"(""Nasdaq 100"" OR ""technology stocks"" OR semiconductors OR Nvidia OR Microsoft OR Apple) when:30d",neutral,0.7702543139457703,0.0
b447441a4bcf1195c10bfae5,2026-08-24 07:00:00,2026-08-24,SpaceXAI Adopts NVIDIA Vera CPU to Accelerate Agentic AI at Massive Scale - NVIDIA Newsroom,https://news.google.com/rss/articles/CBMirAFBVV95cUxNQ0VWYXd5MnAyUzdGRDB5YkJsdzk4ZW5zbDZnTUdRNVZDS1d1dE5ISUVkVzUyUmRLcDBjNzJLQ1dWMUNkUUI3MWxIT2xZWHp6bndLYy1hM2I2ZnF1emNZRWh5ZzAxQzVYWEI3ZTFVZzJpUjhLQ05rTmVybjVkeWNfMmtMQlFPSTZGX0ZPNnRIdDJ5bmoyZlJ6TVppbHVkWnJnVmJlMU1JNDhpV1VY?oc=5,NVIDIA Newsroom,"(""Nasdaq 100"" OR ""technology stocks"" OR semiconductors OR Nvidia OR Microsoft OR Apple) when:30d",neutral,0.8575799465179443,0.0
63a61e228079aca8433e6024,2026-08-24 07:00:00,2026-08-24,NVIDIA Groq 3 LPX Now in Full Production With World-Class Speed for Agentic AI - NVIDIA Newsroom,https://news.google.com/rss/articles/CBMiswFBVV95cUxNUEZpdWczMlJ0dDl6VHdCNVdDUFoxSzYzUjd3d2dTNlJzYVZiS1B3TFphaW5yZW1ZeVowNlZaSXFCaTBlcmhrYWJMNFBqbjl2VFpCM3YxZGd5OGkyTWRzVU9sS1RiQnUyUWVXOFBBMGcteXJrcmZoclJ3RWVncWd5b19FTURkU2F5ejNScnhGQ2R2dVNiTUxsNkQ1azRxZlpFNE1JWGF3YmY4TWtvRTlaLTlyTQ?oc=5,NVIDIA Newsroom,"(""Nasdaq 100"" OR ""technology stocks"" OR semiconductors OR Nvidia OR Microsoft OR Apple) when:30d",neutral,0.7814807295799255,0.0
1da7a0ed6055f06e60926a73,2026-08-24 07:00:00,2026-08-24,How NVIDIA Groq 3 LPX Unlocks Ultrafast Interactivity at Long Context on NVIDIA Vera Rubin | NVIDIA Technical Blog - NVIDIA Developer,https://news.google.com/rss/articles/CBMiwwFBVV95cUxQTVB1T1IwQkhETWJOME1oY0plZ0VKTDFoS3h0aXh6T1pCclpfTHpqX29jcE9CTzE0Mzd6QUlqLTh1U250anRkREJMUDFWZHdkU25UWnptc2JjdUQxclhBb3ZqdHdQM3Z2Y21TaERmNk5MbVFLNEx3dGlhVnJUeE5hUUxBdjdlNzhxZGxqaEM5cnBCSjc5R3hKYWJTVnV5cUprTkRvczE1bEhHZ2s4NVJQQnVrSS12WU8zLVl3amt2SlM5eDQ?oc=5,NVIDIA Developer,"(""Nasdaq 100"" OR ""technology stocks"" OR semiconductors OR Nvidia OR Microsoft OR Apple) when:30d",neutral,0.8419889807701111,0.0
aa0a37106be4936b203fb6dc,2026-08-24 07:00:00,2026-08-24,"With Groq 3 LPX in Full Production, NVIDIA Extends Vera Rubin Inference for Agents - NVIDIA Blog",https://news.google.com/rss/articles/CBMiekFVX3lxTFB1ZV9VLThJZ2xGWFc1U0JTOW1yTzZWVVhBUjc5TlU2ZC1CZE9xV09ldnlTTkxNS0NNVE9kaG13eUEwai0xalBjdUZ5Zy11WDg1a012c05JUzNMMUNsWXpQazhReDIxbGZ0NE9jZmJWVlJCNGRXeDlXU1N3?oc=5,NVIDIA Blog,"(""Nasdaq 100"" OR ""technology stocks"" OR semiconductors OR Nvidia OR Microsoft OR Apple) when:30d",positive,0.8350374102592468,0.8350374102592468
7446d418e7b7711c7ab44029,2026-08-24 07:00:00,2026-08-24,NVIDIA BlueField-4 Powers New Scale-In Network Infrastructure for Agentic AI Factories | NVIDIA Technical Blog - NVIDIA Developer,https://news.google.com/rss/articles/CBMivgFBVV95cUxPZEszSVlVNWtuTzRXeC14SlNuUTUxQ1hsRmw4eVJlaWpSRzNTTW5Cb1pTdHRtMml1cktWaTRDeVI5ZHk1UThWUUt0akNEd3NhREUtU2QzbkZYTDNweUJjWktyaVdhOU51Y1NYMWEwdFJ3dGFPYnBhR041SVdURjJReDVpQ09OUml6Zk8wNE9pRVU1NkZmSnN6SzhmSmV3UXA3dTQ3VWVhcDhMRDNxSVMwb2h2RlNFR29YeWtSTlJn?oc=5,NVIDIA Developer,"(""Nasdaq 100"" OR ""technology stocks"" OR semiconductors OR Nvidia OR Microsoft OR Apple) when:30d",neutral,0.7983008027076721,0.0
69f92f9a60c38566381016fe,2026-08-24 07:00:00,2026-08-24,NVIDIA Vera Rubin and Blackwell Set a New Standard for Agentic AI Performance per Watt | NVIDIA Technical Blog - NVIDIA Developer,https://news.google.com/rss/articles/CBMivgFBVV95cUxOUkxRME9EZ0RJQ2JhVmgtaGRWTTNtdDl3SGt1NDllTGVJS1ZkQjBYZ0VhUXFVR1VpUUY4bHJ4bUpucGxrT3hsOU9SZ3FyZVpBUmVtLW1sYmRLZ2Q5MEh3eVEyVldlUm8zZkVaUzZZMExPMGlIVEU2LTdtOGdPQ2lzWmI1MkV2cy1xdTJZRlFxLVFmQnRyTHNGMWpjNEJ4cXhiRk8taWYyazM3NmNISGRUSlZHeDE1ai1jaGJ6NlNn?oc=5,NVIDIA Developer,"(""Nasdaq 100"" OR ""technology stocks"" OR semiconductors OR Nvidia OR Microsoft OR Apple) when:30d",neutral,0.8536344766616821,0.0
13dff3fa00aea4bcda389622,2026-08-24 07:00:00,2026-08-24,"Taiwan charges 9 over illegal AI server exports to China, including Nvidia and Super Micro staffers - PBS",https://news.google.com/rss/articles/CBMizgFBVV95cUxPNi1qaXh2TU1uMjdEZVEzd3VDZHM4TWEyYUpRbnFBaXdTUmVjVlFENGU3ZmxCT3NZLXhkakVwXzU5NmRkRl9Lc0tWNkQyTXpjQjZoSDdrcElnODhwR0wwcV9yeEZhZkZrd1hSODJBVGlCclU5UzdnQ1VGeWdMU0JaUXhvRHc2WjBoQ3ljek1uY3FXelhfNTJPZXFtUGhSa01ENnNYTmNSR3VjSktlN002NjBTVlpqYUxmTHhqQ3hWLUkwdXZlaWNiemdXLUJwQdIB0wFBVV95cUxONHQxVXp4OWZFSWR1UlVfcHRTRnNmdG9DMjdnT0stLXE4MTF3NzljZGFBSUNPMHR1LXRyaW80MDdIRGpaX1ZJbDFTWjQ5WGtFSF9BSnZ1ZUdta3QtRl8yUlo2TGxtRHJ4bE13MDBGVVdiQW9Da2VGc1dXcW1taUdGZmdIQnR3d2hkSFpIQUNhT283VTNxX0RyalNRM1FBcjRXQVJFNXRpLXpPYWVheXhjaGhTbmVNeHkyYmlPVk9FRnBQcGF0ZDhJOVhrNk9jSnJHUjFz?oc=5,PBS,"(""Nasdaq 100"" OR ""technology stocks"" OR semiconductors OR Nvidia OR Microsoft OR Apple) when:30d",negative,0.9594670534133911,-0.9594670534133911
12008f8e074ccbe5ad0a0d18,2026-08-24 07:00:00,2026-08-24,Giga-Scale AI and the Ethernet Evolution: How Spectrum-X Ethernet Rewrites the Rules - NVIDIA Developer,https://news.google.com/rss/articles/CBMipAFBVV95cUxNbzJaV19IWlVGV0dBbnVEWXAzU0ZQd1lJeWNyUzYxbXF2czh0X1MtZTN2UU91cnFlcGlpTFJVY09sU2p2M0FGaS0xN3o4Q25idEl1OHZMVTBwcWxLTFhYQlpYdXJIM3VPc1hMdTJsUXFDRDlaYm9QUkZTTmJzN0lFeUsydDZrRHdfMlh0NE5udkRTV1EzTU5vTHI2OUZfbjZIcGJ5aA?oc=5,NVIDIA Developer,"(""Nasdaq 100"" OR ""technology stocks"" OR semiconductors OR Nvidia OR Microsoft OR Apple) when:30d",neutral,0.9166926741600037,0.0
e46e8b8f032a8d813532a6df,2026-08-24 07:00:00,2026-08-24,Up to 30x More Work Per Watt: NVIDIA Vera Rubin NVL72 Sets a New Efficiency Standard for AI Agents - NVIDIA Blog,https://news.google.com/rss/articles/CBMid0FVX3lxTE1abDNiV1R3b1JKQ01wRmJYVFdkMVVGempWd3hYQlFhRl9ZdG9ONjB0eXhNS2REdk9sZk43Q0V4eE9fa09KSm11UUJvck00eGNCWUFRdXZsLXVIU3dfbWNqOFNTekN6dmR3Z0JTTTdvZm1kbWxGS0ZJ?oc=5,NVIDIA Blog,"(""Nasdaq 100"" OR ""technology stocks"" OR semiconductors OR Nvidia OR Microsoft OR Apple) when:30d",positive,0.6501681208610535,0.6501681208610535
f3f61a934119a84a15d10750,2026-08-24 07:00:00,2026-08-24,"Microsoft, PowerHouse Hillwood dispute data center service agreements - Utility Dive",https://news.google.com/rss/articles/CBMimwFBVV95cUxOZ0xRNGwyd3NhWGY3UTI5ejhkMlU5Y2d0T2xWTDhTZlVMRmJaRlE2TThOSmNReE5WUnVpVFVwTFNxT1NaY2o4N1dHeEQ3Q2VtVFZaLWw3MTRGY0J6cXBkWXVsU1RKVzkxMXd2X3hia1VFMW83M0lyQTRDV2M5RkxQMkFtemxCMWlHOVl6RDBLYVlSTFFkUFYxZ2tqVQ?oc=5,Utility Dive,"(""Nasdaq 100"" OR ""technology stocks"" OR semiconductors OR Nvidia OR Microsoft OR Apple) when:30d",neutral,0.9023005366325378,0.0
cb77ea547a798bd02da45776,2026-08-25 07:00:00,2026-08-25,Apple unveils a more powerful Mac mini featuring the all-new M6 and M5 Pro - Apple,https://news.google.com/rss/articles/CBMitAFBVV95cUxNYnV5OXRDNXRyNUp1bUltLXBkSC1kMHFSWUJkem0tbjZ3YVhaOTQ5eWpBbWlBR0gwZkFTUnViU1pzOExTZjlhRS1kTmt5cjdXUGROT0ZXdnB2TzJVRGNIYTE4X1dBdG5LdXB4RjladGFOdlpheXBodGo3SmVTSXVnVC1xSXZ6ejJIVEROOW1OQ3l2VVN6cWIzbWxWNWp0MW9MdUVCV2t0NGI3czh5UjFXMHhTTkY?oc=5,Apple,"(""Nasdaq 100"" OR ""technology stocks"" OR semiconductors OR Nvidia OR Microsoft OR Apple) when:30d",neutral,0.596627950668335,0.0
bf4326ff6d99d1a40fc779bf,2026-08-25 07:00:00,2026-08-25,Apple introduces M6 and M5 Ultra for a big leap in performance and AI compute - Apple,https://news.google.com/rss/articles/CBMiuAFBVV95cUxNaFNZWnlDMmx2VlBtaFlBWTAyS1g1cWk2SF8wM2phRU95eWpJT2hoM1RtMGVDOUJmNmI0N1RNQzBnblhQVjdFcHl4RVZNVzg1YVZEbTMycVpxdkpTcmNGODIzcmxxRzRnOEJ5Qkg0OG1QVDZaYy1sdUoxLTJJbWUzbEZFcmhzMVlQUXB4OEJBWGhrY2d5aWhXYzNaOElRdlZzdktUdGc1ZTJvcGRUWVc0X2RJTk5GUi1x?oc=5,Apple,"(""Nasdaq 100"" OR ""technology stocks"" OR semiconductors OR Nvidia OR Microsoft OR Apple) when:30d",neutral,0.5249480605125427,0.0
d353b62d033eebda705edea4,2026-08-25 07:00:00,2026-08-25,Apple introduces new Mac Studio with M5 Max and M5 Ultra - Apple,https://news.google.com/rss/articles/CBMinAFBVV95cUxNM2ZxQ3lxQ1NUai1ZSFpUZldZS002TWl2d3JKSTNrRHRGdml1SnBjZVlzZ3d1NDctbzhGNVJNZWpQelh1WUZseWFKQ3hYMnNlLV9JWVpXaG9lcVJfUXMybmhNNlBhc1R5X2lJTTZUdVNqbXdOczBWNkMzQm11T0dwcVdtcWE2R1pmcVk1YTRkLUpHLTJORVBtZTVDZXE?oc=5,Apple,"(""Nasdaq 100"" OR ""technology stocks"" OR semiconductors OR Nvidia OR Microsoft OR Apple) when:30d",neutral,0.7745881080627441,0.0
4ddcf0d542c852a3c2651c51,2026-08-25 07:00:00,2026-08-25,NVIDIA Announces Jetson Orin Nano 2 Robotics Computer to Redefine Entry-Level Edge AI - NVIDIA Newsroom,https://news.google.com/rss/articles/CBMivAFBVV95cUxQMTVNSHhYUjJUaGJPbEdBZXBvdlRWN0lYZnU1aVJGZWlEOG9Uc2c2cFZqV2NhN0EwNUlPWDdraC1mWVItZmZCMjM3dldaeTdBNGJqMXN2WV9OV0FOSTlubzVRMGJLcDI4STdRZ2pwU0NkTmUtaXl4QVctclF2V29MUGNneGpzbkNLbGlSaldDS213SHU3S3VHdVBfT0RDXzAzY0x1SHphUVIxM1p3aGV1Rm10NFVNYTA4Tk1Zcg?oc=5,NVIDIA Newsroom,"(""Nasdaq 100"" OR ""technology stocks"" OR semiconductors OR Nvidia OR Microsoft OR Apple) when:30d",neutral,0.8338208794593811,0.0
b3927d007b4968ac2510a310,2026-08-25 07:00:00,2026-08-25,Leading Publishers Bring Blockbuster PC Games and Technology to NVIDIA RTX Spark - NVIDIA Blog,https://news.google.com/rss/articles/CBMieEFVX3lxTFBHZ0ZkUHpmYnVQTi0yM0ZVRzNwV2hTdG1sOHREVnNJdnRzcW5VY3pSYl9Vc1Q1Uk5URXdXTmtxZ1hKX2M2WGl5QWFQejd4VEJTcWlhT0pocVJGR3dtS2dQYl9ERWhnU1oya1JpWFpvZTJZWjRYdHhYVg?oc=5,NVIDIA Blog,"(""Nasdaq 100"" OR ""technology stocks"" OR semiconductors OR Nvidia OR Microsoft OR Apple) when:30d",neutral,0.7685450315475464,0.0
7b9580c041ff7d19f1f310d4,2026-08-25 07:00:00,2026-08-25,Cisco Expands Secure AI Factory with NVIDIA for the Rack-Scale Era - Cisco Newsroom,https://news.google.com/rss/articles/CBMipwFBVV95cUxNOC12cUNTSGEwQW56a09pUEFFbTdQZDYyOHFwSzlNMFNxQ19oUllSc3g1LXd6ekd3b3p4MmNFYUU0VU9QRVhKMEprQU5iVDE5am9YUzZfbDF0TGZUZ19OT0hMSVZIeEZmUjR1OXVkV0ZtaTNINU5xaUJwZnNyaW9GR3FBQkVpcEQ0MW9FRDh4UnJfSWtvNkFtUXhvSnFncktUUk90VXJCcw?oc=5,Cisco Newsroom,"(""Nasdaq 100"" OR ""technology stocks"" OR semiconductors OR Nvidia OR Microsoft OR Apple) when:30d",neutral,0.820362389087677,0.0
ea25ac9be306341bcf59c800,2026-08-25 07:00:00,2026-08-25,GeForce at Gamescom 2026: DLSS 4.5 Ray Reconstruction & More - NVIDIA,https://news.google.com/rss/articles/CBMinwFBVV95cUxOeGxPNlhwamRGTHpNbkIwV2V5a0k4MFozZFB5S0dVQXhPNUVVMWVNSmNweVpYa2p6QjN5anVFRVhUUk5aTEU1U2pFVDBnN0U4N3ZDNGljMlcwVEZSVFB0Nl9WdHAzam95X2F4NnZhbjh0bEtxNnpobjZ5bk1SRXlxcUdKSzMxOXJ4VkVXRWplZVVzRUx3ZncwZEhaLWQxcU0?oc=5,NVIDIA,"(""Nasdaq 100"" OR ""technology stocks"" OR semiconductors OR Nvidia OR Microsoft OR Apple) when:30d",neutral,0.9230091571807861,0.0
e59518812fadace58fcd4e1d,2026-08-25 07:00:00,2026-08-25,"One always-on roadmap: Dynamics 365, Power Platform, and Dataverse join the AI at Work roadmap - Microsoft",https://news.google.com/rss/articles/CBMi_gFBVV95cUxQYlZCblpkS213anIwdDFoeDd3bWN2MXN4N1NRSkdWVTBOdVlzLTZYTGZ6YmdhUFB1NExxNlhPR1NXZmN4MVkwQUdvQzgxWkY5RzR4eF9uYy1DVEF5WmpnTy1DemFUTlA0OW1iNHljWldCUzRrbWF6aE5KOFpxMFZVZkJjbGlwMDNwdFNjektFZDRiRDRhUHlycEphYVk4TlVLMXVpSHA4bU5WOEN1SEpuUk8wYkI5XzI2ODdhbUwyY1hvOVF1UlhYQUNnQzZkRGVqN3U4VUx2RmV0cWNJTG5iUk9tR251RzhkemludnpENUk1Zi1PRDBYU2labkxudw?oc=5,Microsoft,"(""Nasdaq 100"" OR ""technology stocks"" OR semiconductors OR Nvidia OR Microsoft OR Apple) when:30d",neutral,0.924219012260437,0.0
ecaa954c6a3bf8a24d846944,2026-08-25 07:00:00,2026-08-25,CONTROL Resonant GeForce RTX 50 Series Bundle Available Now - NVIDIA,https://news.google.com/rss/articles/CBMikgFBVV95cUxNeEdhYVBQQy1mbXl3VTJGV0hLckEyb0R1bjc3bWNzZDJpWHR5T0FHT3R0dUhoTS1aa3d1OENackw4T0xEVDEtQWpqQlJNZVltLVZseXU3R1NfQTlxRmhpYTNJNXg0S2lPVXJ3UkItQ3NIekZPWjFTRWJaV0hKLUo0dnlmbldPeTlfeVV4NnRUSmpJUQ?oc=5,NVIDIA,"(""Nasdaq 100"" OR ""technology stocks"" OR semiconductors OR Nvidia OR Microsoft OR Apple) when:30d",neutral,0.9281452894210815,0.0
fdabf989295c8eb5ce25b7b4,2026-08-25 07:00:00,2026-08-25,Nvidia’s dependence on hyperscalers faces big test in earnings report - CNBC,https://news.google.com/rss/articles/CBMiqAFBVV95cUxQUW1ETzlYdmdSM2tOdEVPN1kzZUhSM1lMRjctVkpQOFl3VFNhT3N5eG1QTTZMVkh4cG9pQWRKUGt0ZmdCaXl6V3FJdFBaUF9oMUdrS2xqeENNV2I1bUhaQ3J6NTN4MFJyZDVzMlpkcEt2RHVhTTZ5V3U3TVh3ZzBCRWdnazFPQmh1bTBqWXgyRkFaUklaM0s2S0ttWnlUVGFBdmJNclpzRHrSAa4BQVVfeXFMTXlMb2p6dVN6Vmg0Wk83T3RLalNJTDlOQnVOOUtUNTlUUV9UelZ5SEp3TW9GZGhqeDIxUklXQ09XblJtY2cyVHFNYXI1SElQQXlHWHJIZ18xTFg0WkNKc1haZmoxRU1EVHc4dlRjQ25CWktUUjBKNV9qd2xmRWZKNDRTY0hpNTdRTlN3ZjdWbWhac2R1TjdUZ0ZIM3kybEZQamNpYm5yRDEwM2xlNjJ3?oc=5,CNBC,"(""Nasdaq 100"" OR ""technology stocks"" OR semiconductors OR Nvidia OR Microsoft OR Apple) when:30d",neutral,0.7876495718955994,0.0
8a245bbf4cd9b559b77f5f29,2026-08-26 07:00:00,2026-08-26,NVIDIA Announces Financial Results for Second Quarter Fiscal 2027 - NVIDIA Newsroom,https://news.google.com/rss/articles/CBMiogFBVV95cUxOcjZPeVV6eC01Z2tWOHlyVEhmMG9uZDgyaXdvVTV3MVVMWGdKVVhJdlNiRHBvejd0UnlSNFJfTFA4dXAxUk9fVi1RQ2h2VU1kd2FkSUoydEJheDVMNWRnYUdMa2RFcG8zcTROTl9ZX1lJQ0tRU1VZR2pkQjFRdEtkM0tpUUlOcXhsYTFGcGY5RHFQYWZyNkh6LXVCSmN0Y1J3WWc?oc=5,NVIDIA Newsroom,"(""Nasdaq 100"" OR ""technology stocks"" OR semiconductors OR Nvidia OR Microsoft OR Apple) when:30d",neutral,0.7510814070701599,0.0
dc661de23868ddb7783b2ccb,2026-08-26 07:00:00,2026-08-26,AWS and NVIDIA to Deliver 2 Million Additional GPUs and Next-Generation Infrastructure for Agentic and Physical AI - NVIDIA Newsroom,https://news.google.com/rss/articles/CBMi4wFBVV95cUxNZUNocGNzT2FJb01QNmVWTHpoSXkxUUNVdlRDTVZET3hZZVBDN0JGTVBTUFF5aEdERTJOcU9LeV9VMW12ZlZSck5uQ194MjFmYVlMWGt1SzdVODFjY2hkV2RFamlFdzVaWkNYNUdnbXcxbF9rTGJwY005LTlwN1BtUDdTWDVaMk1kejdPRzJKaVRTUVB4X3FWVnVlNnNPcUxUZGNHSzNTV0liVVJaNTMwdEdYcENaOFVtZVc5TXFIY0xsUlZJZUg2bkJKVnJ2OUhqSVg3bDZrQTd3eWdTVmNvMlJkcw?oc=5,NVIDIA Newsroom,"(""Nasdaq 100"" OR ""technology stocks"" OR semiconductors OR Nvidia OR Microsoft OR Apple) when:30d",neutral,0.6668311357498169,0.0
aa8830531d39e4082b55d02a,2026-08-26 07:00:00,2026-08-26,In the Loop: Surprise and shine - Apple,https://news.google.com/rss/articles/CBMiekFVX3lxTE1abEtQLVdLbm5mZHZocE5jVTFvUkdPOEl4dEZYN0VpcWkyQnlpcm1hTHpHSEV1dEVFZlZpaFp2MWdMY01WWkFvZTJ0VUZOZldQeDVyemFDUXNJWE9CMzFiMXlhM3NLYzZydDNkcndTMThTZ3FzZXVhMGl3?oc=5,Apple,"(""Nasdaq 100"" OR ""technology stocks"" OR semiconductors OR Nvidia OR Microsoft OR Apple) when:30d",neutral,0.9245672821998596,0.0
44a63bb3c1d8a6c6c34b2058,2026-08-26 07:00:00,2026-08-26,Apple TV unveils first look at “12 12 12” - Apple,https://news.google.com/rss/articles/CBMizwJBVV95cUxQQU1BM0RQWklWVkFrMGl6T3ZlR0REYXNVSkhkanNOMnA4NUxab3B2dHNmMk1xZDRkZUpDdGFiZHE5aFFnaTdPSmMtODdrX2pqZXUzRjJYTl9pRi12V2pCVzNmY3VucnZDbzduelg1WmV4UFA0RWp6TGQwZlkzQUhzb0hkQmN0aVBsaVRsUGpFNEVjRjVHTFhlVmlhbzZ3WktBM2JfLXl4WDFMQWVkQldqY2Q0ZW5QY1A4ck5xVVVZelN6RnNQejVEWXBGMmdudERYWV9hN1hrYkI1dXhfMGNKcFV3c2JnVFFYZUZnMzhqZTRnbjJNVEFqRWJXdUlKMU1Vc3czSG9tcGZSV1NWVFhnUUw3VEtscnN2T1RRSFJEVTVIRXpTOXlpalhQaG1IUS1RV0p4Xy1xb2VrS1d5YTgwSzdGRzRDNjJxWUhVWHh0SQ?oc=5,Apple,"(""Nasdaq 100"" OR ""technology stocks"" OR semiconductors OR Nvidia OR Microsoft OR Apple) when:30d",neutral,0.9262818694114685,0.0
35053eea1b8b19548d644aa2,2026-08-26 07:00:00,2026-08-26,NVIDIA NVLink Fusion Expands With NVHBM Custom High-Bandwidth Memory - NVIDIA Blog,https://news.google.com/rss/articles/CBMihgFBVV95cUxPM1pRSmtuWGd4ZW1YWTJOc3RUUWxNRmp6T0RCMmEwMGNNWDZCaWk0djVHTnkyUW5fZEZ5Q3VGalc0ZHhTYlBWYUt2V0RwcXlIMXJOWXVuOGxwdnFDb0ZDZDdKNlcxWGFsMXZmZGZBdjBJMjZNVjhNN3AxQTNxcFl4TVA4M1duZw?oc=5,NVIDIA Blog,"(""Nasdaq 100"" OR ""technology stocks"" OR semiconductors OR Nvidia OR Microsoft OR Apple) when:30d",positive,0.8076823949813843,0.8076823949813843
8d8e43e0c23cdfd35d3428df,2026-08-26 07:00:00,2026-08-26,NVIDIA NVLink Fusion Brings NVHBM to Next-Generation AI Infrastructure | NVIDIA Technical Blog - NVIDIA Developer,https://news.google.com/rss/articles/CBMiqAFBVV95cUxQWEEwcE9ISjdxZmlzWXJiaXFEWTNmeEVCX3R0NU1Qa2ZONThvZ21DTDAwVmIyOUVJRHBLd1ZHeE5lWmROekVqTUdMQ2ExS0JpRVhwQmxSTWpFMGFTTW5yZ3g3NFRjTEc5U1AzU1Bmc01SemFlVHRzNFhOTzlRbDBnMWNpal91ZXNNT3RHYkNkVE9oZC1qOHRZcFpqbWVmbDIyMjdjMGI5MWc?oc=5,NVIDIA Developer,"(""Nasdaq 100"" OR ""technology stocks"" OR semiconductors OR Nvidia OR Microsoft OR Apple) when:30d",neutral,0.7370557188987732,0.0
ba23a39384d78ee7466cbf83,2026-08-26 07:00:00,2026-08-26,Experiment with Qwen3.8-Flash-Next on NVIDIA GB300 NVL72 for Agentic Coding | NVIDIA Technical Blog - NVIDIA Developer,https://news.google.com/rss/articles/CBMirwFBVV95cUxNbTBGQUpGeFlsVXJxVmR2VHJpWWNUdFNNWW4tYU1ibGdzUllKMEMxXy1EbkcxMXQ4ZTF5UENwT24tZzJBLUJBamZpd20wYVVXUkxNX1R0VlQxblVkQUZtR09YQVlHVUxXemVWNHM3MUEwSWExNEFSQVR5UmtNZkJrQkJiT0ZQeXM5UjlBUGhDVEpFWS1kSWRtYk92eGJ1R1YwNzUwampEZTdieFpQVW9B?oc=5,NVIDIA Developer,"(""Nasdaq 100"" OR ""technology stocks"" OR semiconductors OR Nvidia OR Microsoft OR Apple) when:30d",neutral,0.9381057024002075,0.0
9aaa0fd913390a0eb7cb8138,2026-08-26 07:00:00,2026-08-26,Nvidia’s Profit Doubles to $59.69 Billion Thanks to A.I. Spending - The New York Times,https://news.google.com/rss/articles/CBMijAFBVV95cUxNYWJJMEdiZUw5UGVrWEFnTXRPalotN0ZHVWdIM3lndFBwVEw1a2ROVkl2OWh3ZlVOZW00YWpRd0hPeDlaZG1jSWtfRVE0dnBvOVFPd1N5aS1OTHl3VWVDXzZiWFFIVXBBdW9CZTQ1SVdyUVhVLWhwdHNKWUROMHIwby1wSnJ5NnNkcndkQg?oc=5,The New York Times,"(""Nasdaq 100"" OR ""technology stocks"" OR semiconductors OR Nvidia OR Microsoft OR Apple) when:30d",positive,0.9380115270614624,0.9380115270614624
1b92b619719d9af33dec124e,2026-08-26 07:00:00,2026-08-26,"Nvidia Reports Blowout Quarter, Says Demand for AI Chips Is Getting Even Hotter - WSJ",https://news.google.com/rss/articles/CBMid0FVX3lxTE03cHRsZk93LVRNRHBPUkVPZEVuZnFMNnB0LXluOHFRRXRCS2xBR3RmNGh0QjhoM1FmcjRkSXdURUFpVHVjZkpRckFJeWl4R3NzWU8yWDF2bFlUdU51TmV2Ml9BTUFiT3dxekpWdjdUa0ROVVVoY3NN?oc=5,WSJ,"(""Nasdaq 100"" OR ""technology stocks"" OR semiconductors OR Nvidia OR Microsoft OR Apple) when:30d",negative,0.6630916595458984,-0.6630916595458984
2ff775468aec18df0eccf7e0,2026-08-26 07:00:00,2026-08-26,Nvidia projects 70% revenue growth in 2028 - Axios,https://news.google.com/rss/articles/CBMickFVX3lxTE5oRFVrbV9ibGpJRVVDQkVKbE83R2tzLVdUVVJIY3NPRXFvQzJsMzlXWjFTR242akpiektLVTNPdXVyak0xVGdZUE02MU1KeFo3V08wdjNRT2pEb0hOQmh5N1RtbG04bVdxU2RncGZ6THFCQQ?oc=5,Axios,"(""Nasdaq 100"" OR ""technology stocks"" OR semiconductors OR Nvidia OR Microsoft OR Apple) when:30d",positive,0.9497791528701782,0.9497791528701782
348ec58b293247097804bc29,2026-08-26 07:00:00,2026-08-26,Microsoft Is Leaving Investors Flying Blind on Its AI Businesses - WSJ,https://news.google.com/rss/articles/CBMiowFBVV95cUxQdFY0NEpTbU51QTA4YXloUkVMVWFuYjcwZy1uaEtUX0dqbkU0UVAtUkRkUEZYTGhSV3M1bDBrd3NDZG9TNjI1MFZPX2szTTNQLWJQWkdTT0txZ1RjUU9RaW5OMTVoTUItbFpZMGkxREF0SlFhNXlCc2VWOXhBQUhSWXVTMDBMeWt1dk5tUktzcUpZTE5tYTVQcmp3YTBxMzIzZ204?oc=5,WSJ,"(""Nasdaq 100"" OR ""technology stocks"" OR semiconductors OR Nvidia OR Microsoft OR Apple) when:30d",negative,0.5651329755783081,-0.5651329755783081
0f8e106f9a4786466ca1425c,2026-08-26 07:00:00,2026-08-26,"Nvidia doubles its sales, but investors have their eye on the future - CNN",https://news.google.com/rss/articles/CBMiYEFVX3lxTE8wVzBxZlZucnRDOWlKZlJJd3ZlcFRyT2IwSWs4b25MdWNvRFo4ZXBSU0NUeXNVS0lCWXpzTW0yQ3d6RW84NUVNdVdzWGh1RlFKcVYwVE1sOC1Kd1U3cEliTw?oc=5,CNN,"(""Nasdaq 100"" OR ""technology stocks"" OR semiconductors OR Nvidia OR Microsoft OR Apple) when:30d",positive,0.6172016263008118,0.6172016263008118
6fd9dd81461870cd4acd1e15,2026-08-26 07:00:00,2026-08-26,"Investors Brace for Less-Than-Perfect Nvidia Results, Pull Stocks Lower - WSJ",https://news.google.com/rss/articles/CBMitAFBVV95cUxOQzBiRmFiNDdidEUxSTZxeExZY1ZRenl0OUdENXBSX2FUWElKSF9fSmlEcTg1alhxOXltcHBPbmhoR0swZWx0TDdLZUxyZm1VZFdSU1pTOXV3OFkzbTY3eDZNUFV6M21yaDY4bFFZREZnUTczUkxfc0RWcTFuOGkxYW1KQWZCTmNQWjBYQkdaZzUwMVBHaEFVbTRSdDFvT3AtYVo3aU14SWZiUlFUYlZGZ1p5Tlk?oc=5,WSJ,"(""Nasdaq 100"" OR ""technology stocks"" OR semiconductors OR Nvidia OR Microsoft OR Apple) when:30d",negative,0.9118375182151794,-0.9118375182151794
2de564b5a3d0133296ea13f6,2026-08-26 07:00:00,2026-08-26,When AI infrastructure becomes the target: Securing gateways and control points - Microsoft,https://news.google.com/rss/articles/CBMixwFBVV95cUxNT3VpQU5adld4OElRUDlhNUVRWnUtTUUtVUlNcmNWZjAwbkZubWZ4X2FLSjhfQ0l6a0pVbDg3S1pucXhLSXN2blJPdTZYbm5kdW1yX2luLWVxQ3M2NHJRRXgxYV9aODFQUXZkRVFVdVBWdkJMQ3VYcGVhdTM4Y0xsaU1KTGtMZy1ZaEdvR0hxWVdIZENDVnNFVFN0WTRCYk5semo5VUpEQ3owOWthVnpHeTVKVmVRV1BBWUx3bWJnU0VSaTZhMmxR?oc=5,Microsoft,"(""Nasdaq 100"" OR ""technology stocks"" OR semiconductors OR Nvidia OR Microsoft OR Apple) when:30d",neutral,0.9249889254570007,0.0
735d20c587cba93c816431d6,2026-08-26 07:00:00,2026-08-26,AWS and NVIDIA expand partnership for next-gen AI infrastructure - About Amazon,https://news.google.com/rss/articles/CBMic0FVX3lxTE5zZ2tmZ01kLUFpRnU5OEZRR0c4YnVjTmo0SU1pT0pGYzczaHc1THZvY2p3c0pYQzY3OFZSYUZYUkZPVVdYajZ2dXJLdnBlZkMxSzBwTHBfcm5JamRjTEliR1pjc3hQXzdFd2ZqcWVKaFcwNDQ?oc=5,About Amazon,"(""Nasdaq 100"" OR ""technology stocks"" OR semiconductors OR Nvidia OR Microsoft OR Apple) when:30d",positive,0.8562704920768738,0.8562704920768738
2651b67f11e114c885c7207e,2026-08-27 07:00:00,2026-08-27,Nvidia adds more than $400 billion in value after blowout earnings boost AI confidence - CNBC,https://news.google.com/rss/articles/CBMibEFVX3lxTE1wT0tKVG5QdjJIV3RXNmZNYUROM1dJYWJ3d3VOUzdKUEZjTFgweTFXNlhFT3RwLUoxZ1E4SXYzQ0g4LUFYdW9tNkNVUmE5OE5TendnYU02ekhBeThSZDRpTVBwcmlCRXdkcDVoetIBckFVX3lxTFBTYXloWFBxMWUxVXBhV1VLdkJzbWpITXdabzh3b00zYXlnb0ZHcEZlRjFqRHRtWmF4QjA2ei1Id3hTQ3N3X1lQcGZyQkJKRzhZalpsbmZrd3lRd2gxQXRpMWpQUUpiVTFxTHJ3N0NEY0k1Zw?oc=5,CNBC,"(""Nasdaq 100"" OR ""technology stocks"" OR semiconductors OR Nvidia OR Microsoft OR Apple) when:30d",neutral,0.5266817212104797,0.0
e093775a8f9c7435822a9aaa,2026-08-27 07:00:00,2026-08-27,Exciting updates for Sneaky Sasquatch come to Apple Arcade - Apple,https://news.google.com/rss/articles/CBMinwFBVV95cUxNNnVqYURSNXBPeVhGSWgtbld0UWlaZ3prc3hIMWNMMTNLZHdUcmVtMFBUbHctckk1S3F5WlQySmVVQzR4cDBuZS1KelF6dEZydVhtcUR0LWlGbzZtV1Y0QmdXN0ZKVzZDQzIyN05YcWVPYmM3RHlTNlY2NEVSU3VYVm5zZFhZT3pwanY3b3R5YzZwSmtpUnVqODhuUzB1RGM?oc=5,Apple,"(""Nasdaq 100"" OR ""technology stocks"" OR semiconductors OR Nvidia OR Microsoft OR Apple) when:30d",neutral,0.9193056225776672,0.0
0ea979b4bd7c79c865677eb1,2026-08-27 07:00:00,2026-08-27,Nvidia’s earnings to test resurgent AI trade - Yahoo Finance,https://news.google.com/rss/articles/CBMi0AFBVV95cUxOYmRYN1JmV1dzS2VkR0NvTFlQbnNoZllEWFhhLUdQbTQ4MFY5M1NBY2NQcWIxTmZXbGRJTjAtMzgzQW5yeXBNOFVreU1nWDNSXzB4aUtPYlppdDVubk9yOVN0a1h1RzNJYW9WUkw2WkM4c0pkMDBZbko0MUpBVXNiUktEMFFvQjlTOWRTbm8yS0VCS0JiV0hEcWZEd3h1cjFpbzBYYTc1WWJ3MlAzdlRFRXk5RGx3enR3UHdKNGNmUHQxQXh6QWphb0VGc3p1RFhm?oc=5,Yahoo Finance,"(""Nasdaq 100"" OR ""technology stocks"" OR semiconductors OR Nvidia OR Microsoft OR Apple) when:30d",positive,0.928294837474823,0.928294837474823
7d0df177681daeef45dd849b,2026-08-27 07:00:00,2026-08-27,Exclusive | Nvidia Pauses Revenue-Sharing Deals With AI Cloud Companies - WSJ,https://news.google.com/rss/articles/CBMimAFBVV95cUxNYlMycHNtbklRdFFPaXNoeHlmVzF1dHJYU042Z0xMRFdXdE45V1ZFek1wOGdVUjg2WHVxc3NBdjdXQnJibnlLUTVLb0Zya1A4czhaQkMxNTlFbVBBZ0RtTTduY0VydW51RF94dTRyaXExZ25ReUU0OG9BX3lUWUZqVHlLQjNjUm1RdWlKclJScXlHWlUxRlBtNw?oc=5,WSJ,"(""Nasdaq 100"" OR ""technology stocks"" OR semiconductors OR Nvidia OR Microsoft OR Apple) when:30d",neutral,0.7675955295562744,0.0
7f37a1485a5ffadf9e5c1a56,2026-08-27 07:00:00,2026-08-27,Jim Cramer says Nvidia and Salesforce earnings upended two bear narratives - CNBC,https://news.google.com/rss/articles/CBMinwFBVV95cUxOY1VrWVl6dm5KSnNEZkhWTmVOZURhb3lfcWlUS2hqdWFCT1JNd3FXb1Jza29tSlJoaGN5bmtYRWpMS3BHSXhKMFFUX01QZXl4UmFDMlpGWjg3Mm5lT3JWVXQwVnQzdE5pbUUtVzlRa29MM3ZzaEdKYjF4QmdPdXFjR21ZbzkxRUpSaTdJa3pnZHctS2JqWWQwUHBWRGNGUG_SAaQBQVVfeXFMTmpvVjhaMl96eTVvSVBNLUFyNnpHa0hoXy1hM0ZrYTZfOTBUMEZ5X2tZNHNnMDJ2b0c4U2dCZ05icXdnd3dHdUN3UWF5TGNQZE9zdUZ5V3JpUGo0bnZuM1JTVUtZbFBQOWlLVm5mcTE1dHF3TWt6ZE5DeGEzSUJCbTVvTFE3ZFgyeEs1M1FWLTBySUFSQ2VqX3Z4UjBuZ05lTUZTd0U?oc=5,CNBC,"(""Nasdaq 100"" OR ""technology stocks"" OR semiconductors OR Nvidia OR Microsoft OR Apple) when:30d",positive,0.8102545142173767,0.8102545142173767
045a0209de4f16684ddfb657,2026-08-27 07:00:00,2026-08-27,Nvidia is bolstering support for Chinese open AI models as it warns of White House crackdown - CNBC,https://news.google.com/rss/articles/CBMibkFVX3lxTFBMLVduQzZINVRma3Z3aTdoWHdpQ19yQlctQk1xZTN1ejcwdXZhMXBOU3lVRmRCNUxObHJOMjFaUGlWTWNFV0tyWlUzajFtcEU2MEF6WkpWVnNqc0wyVkZfODBGUk5jcl81bGpMTXBR0gFzQVVfeXFMTnNqLXZPLWdiLUtsak5jWnM0UGt6SGxIOEhmaWNUMlVEbGpncUwxc1NvWWg4YVJFbjdMdHVyV3BmTE1URWlHZDVld1h2cDBmdjFURm84aTZKQk1XN2c5djB6STk1cWFiMjdxTHE2cTh5YUhXTQ?oc=5,CNBC,"(""Nasdaq 100"" OR ""technology stocks"" OR semiconductors OR Nvidia OR Microsoft OR Apple) when:30d",positive,0.8579403758049011,0.8579403758049011
a8abcdd6d0d4c8602d072c56,2026-08-28 07:00:00,2026-08-28,TerminalFix campaign deploys a reverse tunnel through multistage intrusion - Microsoft,https://news.google.com/rss/articles/CBMiygFBVV95cUxNcXh5V3FkUTZEeDltYXE2ME94OHNIUUc5aVF5TGdTcHhGOVdkZUlPSEp2VldINy1uSXViVnZ2S0YtMkttTlhxRi1ibFhuZkRfdEl4eGFLSVpNNW1lbnVGSEMtZHhOazBLQ1c2aEo2ZGcyb1hKemp1U2pqOElxQ0p0ZWxyLUlWQU1RM3Brd1c0M2djRVM3ak1QMUdueGZBNmlhZUlYaHFRbDF5b21Ed2llZjVsSWpjMWNNbVdVT2xjZS1zaGlsdEVid0l3?oc=5,Microsoft,"(""Nasdaq 100"" OR ""technology stocks"" OR semiconductors OR Nvidia OR Microsoft OR Apple) when:30d",neutral,0.9312469363212585,0.0
18ddc0109e1261c7f7ce6a31,2026-08-28 07:00:00,2026-08-28,"Apple TV to premiere season one of captivating comedy “Small Prophets” on Wednesday, October 7 - Apple",https://news.google.com/rss/articles/CBMizgFBVV95cUxQa0dJZ0xSMERnZnc5SmZHSVZtSU12SkM1VFR6X2tOU01BYy1YdXcxdGxJUWg0Rm9laWxDT0pxekp5eVF5ZkNlbHY4WmNQVmMzTzZVajIxbmc4MEluRkdwYUFIWTYtWE10VXVoUkZrb1BoeE1PelZnN1FhcmpDaDRIUWpHaWlaSFNCb0kwOGVwRWJ6Ymc3S0Q1ZlR3djkteFBwM0lUZGEwb0YzUWoycVZZYTBqRXdtcENsTVZwNS0td09XbDBnd0k0SGNtVmZZdw?oc=5,Apple,"(""Nasdaq 100"" OR ""technology stocks"" OR semiconductors OR Nvidia OR Microsoft OR Apple) when:30d",neutral,0.8889701962471008,0.0
ef67e59792a09af094b730eb,2026-08-28 07:00:00,2026-08-28,Why Nvidia’s Hugging Face Deal Is Really About Its Biggest Threat - Time Magazine,https://news.google.com/rss/articles/CBMif0FVX3lxTE1vYjlnRlZaYWZaV3N2RExoOS1QckxiVWVoREhnYjZYLUI1bUhQVHhNcU8wSExPNVgteWg3SG9WaVdtQ3JTSG1sVzZfa29BTDVpaE0xTEw5NVJWdklxZURxdWNrNll0eElUNXZJZUl0U3Jlb2tuSG9udlRMaUx3VUE?oc=5,Time Magazine,"(""Nasdaq 100"" OR ""technology stocks"" OR semiconductors OR Nvidia OR Microsoft OR Apple) when:30d",neutral,0.9045780301094055,0.0
aa812b69028cd3fdb41738ac,2026-08-29 15:00:00,2026-08-29,Nvidia Wants to Run the World’s Robots. China Is an Eager Customer. - WSJ,https://news.google.com/rss/articles/CBMiowFBVV95cUxOYXl6OG5lWGF2aEJWbHVGdzRaVENwZXNZRTN2VFoxQXE2UnZfXzZ2YmVFa1ZFR1NnU3NpaGdlanRiSXNFSUVDbnRZOTU5SVlyY010RUhTRkVzNXo4MHBKWS1sUU45R3JEWk9SM0QtcXFFYTRyaTRMa2ZsM2thOGhIRjFVTXJvX2R3cC11Q1JXZUhUTzBsU25SaFdJdncxY3dtNmtJ?oc=5,WSJ,"(""Nasdaq 100"" OR ""technology stocks"" OR semiconductors OR Nvidia OR Microsoft OR Apple) when:30d",neutral,0.7767137289047241,0.0
1a047f387ce512f873381e59,2026-08-30 14:00:01,2026-08-30,Apple’s New CEO Will Need to Soon Overhaul His Management Team - Bloomberg.com,https://news.google.com/rss/articles/CBMi2AFBVV95cUxOSVhFbTdGNEwxOE01MXdMOHFobUhzd2xOcFc4aVM1VjhYdDdYaEZ1eXlwaEcxNl83Q3ZKRVh5RWRUSlR1UDkxcjZ2ZkdVQzI4Qm5iUExCTlpCeTFFalZ0bU8yRkhQOUFHem55dzBNWlpDNVFpRmhRWEJfTEdRaTBrN1RiM1p6SzRaRzhnTUpqTUoxV2w2ZGZ6dlRrZmFxN1JEWUljM0dVdWpCQUlEZUU4NE1Ja0dMZnNxb2U2VE1mRm9qeXVXMFhHblNZNm83aUF2VG15VkhmN3M?oc=5,Bloomberg.com,"(""Nasdaq 100"" OR ""technology stocks"" OR semiconductors OR Nvidia OR Microsoft OR Apple) when:30d",neutral,0.9138429760932922,0.0
4a0558a5ee2e8a40288fb88d,2026-08-31 18:00:00,2026-08-31,Introducing Azure Multicloud Interconnect for AWS - Microsoft Azure,https://news.google.com/rss/articles/CBMikwFBVV95cUxPQWl1SVNnd0Y2UW9uUjdEYWRqcFlsVDZ3OUlfVDVUTWc1UkpiNnN2d3FHRF9pMDd1SzI2dzhIeHZHczg3WXRHZjgzUG8yMlNPVmEybDJ1dno5UU9YVEszWEF5MnNwVFRNUkxfaTZub3dYY0Y1UFljaklmTC0yaWNMakxYYmFJRjBFUjNjbmt0QnN3cEk?oc=5,Microsoft Azure,"(""Nasdaq 100"" OR ""technology stocks"" OR semiconductors OR Nvidia OR Microsoft OR Apple) when:30d",neutral,0.8773123621940613,0.0
c99a0278ff8080f7e0b2d932,2026-08-31 18:34:11,2026-08-31,AWS and Microsoft Azure collaborate to expand multicloud networking - Amazon Web Services (AWS),https://news.google.com/rss/articles/CBMiyAFBVV95cUxNQ2tWbzBadkNwNXlNd0ZZRFpCZ1M0UGlVX2dUMmpmaHM0M3VrRnViN211aVNoM2FOTEtUUUc3aWdkQkJqYl96ellILWxzZEFhbUlORWFTVjVKVWdDa0JJQlFXaDI1NVp4bXNLSnlLLW1YYUplZlFxNmRyUi1PQXdzN0ZUZUZ2UUp4UnFDVDBSQTVPZWozeFNkVnFUMTJhTG5Udnh5NU5jblNqRTdPbExDbnY3NVFSZkVLZDNieFZncU54MzhzYTJSQw?oc=5,Amazon Web Services (AWS),"(""Nasdaq 100"" OR ""technology stocks"" OR semiconductors OR Nvidia OR Microsoft OR Apple) when:30d",positive,0.7847928404808044,0.7847928404808044
2e674887e3b3c3235df53207,2026-08-31 21:27:38,2026-08-31,House passes historic reforms to rein in secret surveillance - The Official Microsoft Blog,https://news.google.com/rss/articles/CBMitAFBVV95cUxOWTJVYWhnTFNCdGFKUjByb1diRkpYTl92RWRUaGM0d3BCYTZfZzNuVE04ZnZDVE9zck9hWjB2Y192ZXh5Ui1SeVpPeHdBeThIZDUzT3BQWjdiaGJrNWFQeDVhdnhrRmxEWVZGTUdfNVNvQ09WNEZBSS1RQ1pKM0JURl8wdkE4VFlmUW1UTnRJWlZEMVczOGZ1Ykp1ODFfRk5qZUlpREROYTl5NWJhampvUkdCT04?oc=5,The Official Microsoft Blog,"(""Nasdaq 100"" OR ""technology stocks"" OR semiconductors OR Nvidia OR Microsoft OR Apple) when:30d",neutral,0.7891348004341125,0.0
2d04dad91a7fb54b758364f1,2026-09-01 08:00:23,2026-09-01,Qualcomm rival MediaTek jumps 10% after $3.5 billion Nvidia AI chip deal - CNBC,https://news.google.com/rss/articles/CBMickFVX3lxTE05RTBTampvUXh0LUFDY0FCb09GSlFTTXNtUkVtYUl4bGFsdkVVRHF6a1dwYjUzZUFFYVV0Vl9aQ1BwcFFMQ29Yemdjd0tiVGFTWHRVT2E5aDZTN3ppOTlOWkxPWGFNNFhuYk1zakFkRlhIUdIBd0FVX3lxTE1aeWtQaTBtd3NfV1BWT1NWcjhIdmo5WndPTmNQNG5OVkZRVTRrVzBLbTEtRDlKTHluejh1bVNYMHNKWHBzNjFuY2JrVUc0a3V1X1ZlSnEtTnRxbnE3UUp2YTc5dEI0T2xvaTNRNTJCLXVad3hVSGYw?oc=5,CNBC,"(""Nasdaq 100"" OR ""technology stocks"" OR semiconductors OR Nvidia OR Microsoft OR Apple) when:30d",positive,0.8147518634796143,0.8147518634796143
e2bcce359789b808679af9c7,2026-09-01 13:00:00,2026-09-01,DLSS 5 3D-Guided Neural Rendering Debuts in NBA 2K27 - NVIDIA,https://news.google.com/rss/articles/CBMiggFBVV95cUxPWHc3SVI4YWxNQUoybk51dWh5R1ZJb09iZHRkdUVoaXpJRUFOX3pFQnRPaXVjYkhxcGpZSGpVdERNV3Y4YzlSUF9yU2hHckhwWEs5azlkbHkzWjV0TE1mNFdGdFY0Q3VzalJZRk1lRlc4WTIzOXNmc29kVnRHUVE1VDd3?oc=5,NVIDIA,"(""Nasdaq 100"" OR ""technology stocks"" OR semiconductors OR Nvidia OR Microsoft OR Apple) when:30d",neutral,0.855209469795227,0.0
291737fae631d712368d9887,2026-09-01 14:55:17,2026-09-01,"Glazed Apple Pie Fritters - Bon Appétit: Recipes, Cooking, Entertaining, Restaurants | Bon Appétit",https://news.google.com/rss/articles/CBMiXEFVX3lxTE9NQkQwdmZNNnl1d2hEUEFNWnZuY3lTbFVaVlZIc1JQZ1dxdkFZc1c0bExkWkZvY0hSSHdFbVloZGo4N0JfNmxaTlg2RDRKanRMVS0tUWRRWXJoLU04?oc=5,"Bon Appétit: Recipes, Cooking, Entertaining, Restaurants | Bon Appétit","(""Nasdaq 100"" OR ""technology stocks"" OR semiconductors OR Nvidia OR Microsoft OR Apple) when:30d",neutral,0.9391506314277649,0.0
8b29e35425bfa19752669b5d,2026-09-01 16:44:08,2026-09-01,Responsible AI in 2026: How we are adapting for what’s ahead - The Official Microsoft Blog,https://news.google.com/rss/articles/CBMisgFBVV95cUxQRlloVzNBSmE3MEc5ME5Ic0FSRDhxaE4wc2VEcXNJS0ZxbXBZLU1KS2Z2ZkZ4LXQyV1NrM0ltR0d1X2luRnJGWlZEOXJpSnl6T2R1QmlZbnBHNzN4c0I0QV9DbWlZSU5pYldZcUgwYUNmWGw2eXc1a0lTeVBhTUtpRjRfNnlNLUg2WXZZUnB4N0ZYWGNkckw2QWhuWXBYclRSNy1nN2lJV2x0WF9meEpORFln?oc=5,The Official Microsoft Blog,"(""Nasdaq 100"" OR ""technology stocks"" OR semiconductors OR Nvidia OR Microsoft OR Apple) when:30d",neutral,0.8922033309936523,0.0
70f5b62985afc9b78c9a9398,2026-09-01 17:27:20,2026-09-01,Building an Adaptive Agentic Cybersecurity System with NVIDIA Nemotron | NVIDIA Technical Blog - NVIDIA Developer,https://news.google.com/rss/articles/CBMiqAFBVV95cUxPYUlvQ0hSbzJEQnFkTjFBTGFOMVRUSVY0TVhnZXE3WXRkMDUtU3VkcjJaSnhGTlZ1NUZ1b0JyT01VVUhtMFpUOFZ2dWVlNGJEQ0hYcENQVm1WWmpqTUtkbDh3c0hrNDZTUnZLcVM5b3RhQWtyZWtsQVR6TEE4MXZYMXdOV3ZsclNpaWVrSFRkSkxsT2paT1FOV1ZlZmlnVThXZG5yc1VKT2Q?oc=5,NVIDIA Developer,"(""Nasdaq 100"" OR ""technology stocks"" OR semiconductors OR Nvidia OR Microsoft OR Apple) when:30d",neutral,0.8477669954299927,0.0
cfd7a989542aa805b6d5e4d3,2026-09-01 21:23:14,2026-09-01,NVIDIA and CrowdStrike Strengthen Agentic Cybersecurity Frontier - NVIDIA Blog,https://news.google.com/rss/articles/CBMib0FVX3lxTFBFT2J4czliTUlxb1RWc3cwc3NXWDZ2dWF5aUcwcDZzazJUelROdlBSLWpZUWltLXNaLTB5WW02UFZUeldiYUtFbW5pU0tkTjhXYzBYUG5SZUkzdGlOM0RqbUtHODNuNlRiS3dRVm9SQQ?oc=5,NVIDIA Blog,"(""Nasdaq 100"" OR ""technology stocks"" OR semiconductors OR Nvidia OR Microsoft OR Apple) when:30d",positive,0.8358504772186279,0.8358504772186279
7cff4ddc73a7b5a444dea352,2026-09-02 06:11:13,2026-09-02,The yield imperative: Turning AI infrastructure into useful intelligence - The Official Microsoft Blog,https://news.google.com/rss/articles/CBMitwFBVV95cUxNeWhLYjZIT01zTWNoQUxoVXgtcld2cnc3eHVOWE93clFKWU5LOVRoYl9HR3Uzb1QtWG1lMVl1NWpsYkRvS0l5SXRla3RSTGQtMldGT0xSMUFnanBwTWl6eUJJR1BiX3BQeThObFVtcEppWk1HbFBId1MzeXQzTTUxYWdFWEp1cHJzUkdsdkZpcTh4UGpjTXFWQkhMOWJhcnZlWmFaVUhGOFhHQ1pwaU9kZzVnYjlsY0U?oc=5,The Official Microsoft Blog,"(""Nasdaq 100"" OR ""technology stocks"" OR semiconductors OR Nvidia OR Microsoft OR Apple) when:30d",neutral,0.9060065746307373,0.0
0e3112b9925494720ca77d9d,2026-09-03 09:57:51,2026-09-03,Nvidia is driving the AI boom. Good - The Economist,https://news.google.com/rss/articles/CBMihgFBVV95cUxPYzVrYWFJSldGNkxRaTBicmg5M2lZYkJSWFhPeDNwT2w3NnYtcE5BSXJLOF9tUXE0aDdfTWltZmdOLTJqU3AtUTlGbXFxcG5rdEh6UkZjSV9iX2Y3X2hXQ1BjejY1NmI5RkdqQ2RUN01ZWFgySWJDVkc4WEtGa05WOVNyeTg4UQ?oc=5,The Economist,"(""Nasdaq 100"" OR ""technology stocks"" OR semiconductors OR Nvidia OR Microsoft OR Apple) when:30d",neutral,0.7264789342880249,0.0
a25e37288e1cc0d07e52824e,2026-09-03 10:00:26,2026-09-03,Nvidia is the central bank of AI - The Economist,https://news.google.com/rss/articles/CBMilAFBVV95cUxPMEh1SFc3M053UllycmExbzQySUc4UmRrUEM5ZUxVZU01VFZ1MlBtRHFFRGpIMWt4OExMQVhSQ1BxVHJBWTNERWxNOEdrNlpzZnQ2RDVQSGQ0UC1DeDU2TWI2a3Nna0VvVVV4LUN5bE5mWDh0OGVWa2Nnb19UelRPX3kxZXhkZ2pRNDZST0pvZnh0X2sz?oc=5,The Economist,"(""Nasdaq 100"" OR ""technology stocks"" OR semiconductors OR Nvidia OR Microsoft OR Apple) when:30d",neutral,0.9462197422981262,0.0
d2cff9b8a27f15ab60a9cdf0,2026-09-03 12:04:26,2026-09-03,"Hugging Face approached Nvidia’s Huang weeks ahead of $12.9B acquisition, CEO tells CNBC - CNBC",https://news.google.com/rss/articles/CBMiqAFBVV95cUxOdkNmN2xvLUV5ZmwxTUJ2dHV0dGtLT0VwcU1EZFRMWGhMTjNpbUNQeDBoTm5FMkh4SktTVnoyWXFLVk1VSzFSV2Mtd0xuYkd4ei03VVdsUlJEa0k4MlJjRlJYRmtiOHlrcDliRmF4MmJZcl9iRExOZUtxck9mYmVuWG5JWHRWbTd6dnBUcXpkeXNmLVpxTC12TmEtQ1duUmh6SnNpU1BuY0_SAa4BQVVfeXFMTjByalk1Q0lUekR1RXVHeWxTakJPZ2htN0syWlIzWHhHRU5hR2xycjhtSTktd19BTEJiX1hjdFA1RW9JdzhYcUwyempqcV9GcWRqNjVCQVBUMUhKS0xGSXE0NENVOEZHYmhlRWVndm9LTGVOd09sY2Vtc08xRi1mX2lJRVYxVGNXblJhV1ptRmNiVmMyUXJxSW9OZ2t1UDBsR1R4UG9DOTRrazYxZEhR?oc=5,CNBC,"(""Nasdaq 100"" OR ""technology stocks"" OR semiconductors OR Nvidia OR Microsoft OR Apple) when:30d",neutral,0.910713255405426,0.0
5951f83a01ca42ab90915ea8,2026-09-03 13:05:29,2026-09-03,‘NBA 2K27’ With NVIDIA DLSS 5 Leads 28 New Games Coming to GeForce NOW - NVIDIA Blog,https://news.google.com/rss/articles/CBMigwFBVV95cUxQUFFuNUR3UHJGUVkydHhIUm0xTEhwbXZqb29jOWdyZlEtWl9jN0lmb05Yd3FWN2NMMVkwbDhBUXp2Q253U0tnMzZyTENLcnNPRTlCVnNYUG41a3F5SFMwRDZKT1dMZ2ZlY3N3cmh3R2hUOVB4aXg3d0V1VS1yWFhjNVNnaw?oc=5,NVIDIA Blog,"(""Nasdaq 100"" OR ""technology stocks"" OR semiconductors OR Nvidia OR Microsoft OR Apple) when:30d",neutral,0.7914756536483765,0.0
073e0fe635437be7b74f0ded,2026-09-03 16:00:00,2026-09-03,ASCII smuggling crosses over from AI prompt injection to phishing evasion - Microsoft,https://news.google.com/rss/articles/CBMiywFBVV95cUxPX1lySXFOZDRveklMdlJwY3pNcXQ1NVhiZEFJbktacklPZFZ1N1VkSTBNUnI4bXRENFF5MHBQcVNoVkctX0k3c0k0bm5EdXFfMWZNZ0hnRld2M1BHaXdDZUJmeVJrVWlaelN0bWVVRnVtMGxfZE1uZkItNDJpaS1Id2xxRTc5YzZfUExXbmEtX1ZGbzA3N1plckctWUZ4eEZvZ1lEcDdLcnYzSTJvSTczYXBTcW95TDJKZTV0S29fU0tTWEdNeGpPdklScw?oc=5,Microsoft,"(""Nasdaq 100"" OR ""technology stocks"" OR semiconductors OR Nvidia OR Microsoft OR Apple) when:30d",neutral,0.8945156931877136,0.0
7054bd42659acd4c2b6779f0,2026-09-03 16:05:29,2026-09-03,Sparks Fly: NVIDIA Accelerates Local AI at IFA 2026 - NVIDIA Blog,https://news.google.com/rss/articles/CBMigwFBVV95cUxOc19tWkhaOGg5NWFFWGN5R0dnVkctSk1OTlQzdlJFeGxyOFdpcDl2VllVZTU3Vl9CeWZLTEkxZ3MtUG9Xam4yeVlvU0wtZTdaWmtUOFppY0ZDdVFWczNNWWVQd1FVM05XS09NZ3diemlBYlNoc0RCcUttaTB4VUozci1qbw?oc=5,NVIDIA Blog,"(""Nasdaq 100"" OR ""technology stocks"" OR semiconductors OR Nvidia OR Microsoft OR Apple) when:30d",neutral,0.7548110485076904,0.0
0c3b57a777310d9884bb9957,2026-09-03 16:08:32,2026-09-03,NVIDIA PAIR Virtual Inference Router Expands Available Compute on Your Local Network | NVIDIA Technical Blog - NVIDIA Developer,https://news.google.com/rss/articles/CBMiuwFBVV95cUxQM0FtcjkyUWhUaW5OQ3IzVFc0elRBSUUzakwwdnhJRndGLTVKT0YtaTNhMURwanRiVFQtNEhybHpzMDg5c1VUX2dfc0xxMEJLUGpJSTVnZDdmNTJTMzg0LUxWdDFheGkwNU5xVVBTb0NNT2dveUliMmRsSWxQQXpKRGVsZFY4cm1jT0RhNmpvdGY3OTJVN0ZpMWczQ3NOR2ZDbFhCc1JsM0ExUjlyRlhUVTgxMXltQkhvdVJv?oc=5,NVIDIA Developer,"(""Nasdaq 100"" OR ""technology stocks"" OR semiconductors OR Nvidia OR Microsoft OR Apple) when:30d",neutral,0.9162470102310181,0.0
b0e7064a95bf7e60b8d3008d,2026-09-04 08:08:51,2026-09-04,Nvidia's investments grow to $99 billion as chip giant becomes major backer of AI companies - CNBC,https://news.google.com/rss/articles/CBMieEFVX3lxTE4xY1VMRWpNNnF5TVZFV3I1c2pRVURDaEN6VERDQTctRXpsdWxQLUxqanlZUWhlTnl1ekRvNWUzdS0xMHl3dlBfVUdvcWFqSUw1RnBnTzdoMUtSV2ZBb3NCbTFUWmZXX2VnaGthTTFKTzN2UFVNS0lmNNIBfkFVX3lxTE5vS2VVMndVYUJ6SkU0aC14VzMwY3dKYkNTekowZnJZUW9zNllkeTg5d0kyNlk3Y0pNei1FOHNqZ2NKbFV1QWNrbWpocGRTLUpWTmZWR185dlh0S3VCdTd0Rjdpc1lSX1o0NDI0cTNDOThSMXVyRkxLMFpkZjl4QQ?oc=5,CNBC,"(""Nasdaq 100"" OR ""technology stocks"" OR semiconductors OR Nvidia OR Microsoft OR Apple) when:30d",positive,0.5458699464797974,0.5458699464797974
c92e37f50c73e17bc31ae926,2026-09-04 15:01:11,2026-09-04,Announcing Project Zenith: The ready-to-code Windows experience on developer-class devices - blogs.windows.com,https://news.google.com/rss/articles/CBMiuAFBVV95cUxQNlBtZF9wOWMzVHU5cXU0eXViclQxb2hHTFc2UUVaa0pIT0dmQTM4ZG5yOHhNRjF3NlRwT055akdFUjhEck9ULTRiazg2aEZlZmhJVDA0cXJod1J2N25VWFUyUVd2UHctU0hzRGdTY1Y0U1AxT1RFWE5IaDdNTTJzOUFnWHRvbEY4VmRFYTJKM1l4c203bHdPY0ZXQ3MxajlVTmFpRnVEZGRIZ2RFZGtLbjBKWnlfbVd6?oc=5,blogs.windows.com,"(""Nasdaq 100"" OR ""technology stocks"" OR semiconductors OR Nvidia OR Microsoft OR Apple) when:30d",neutral,0.9218983054161072,0.0
