feature,coefficient,abs_coefficient,direction,rank
close_vs_ma_60,1.7594777237835444,1.7594777237835444,AUMENTA_P_SUBIDA,1
ext_fedfunds_level,1.3956940101746638,1.3956940101746638,AUMENTA_P_SUBIDA,2
sentiment_mean_45d,1.1678754728611447,1.1678754728611447,AUMENTA_P_SUBIDA,3
sentiment_positive_ratio_45d,-1.0191619963642686,1.0191619963642686,REDUCE_P_SUBIDA,4
news_count_30d,0.998903749854126,0.998903749854126,AUMENTA_P_SUBIDA,5
sentiment_negative_ratio_60d,0.9953392844084772,0.9953392844084772,AUMENTA_P_SUBIDA,6
ma_20_vs_50,-0.7373888103584476,0.7373888103584476,REDUCE_P_SUBIDA,7
sentiment_negative_ratio_5d,-0.6673388035909292,0.6673388035909292,REDUCE_P_SUBIDA,8
ext_us10y_level,-0.6422011606997658,0.6422011606997658,REDUCE_P_SUBIDA,9
ext_us2y_level,-0.6154345522285789,0.6154345522285789,REDUCE_P_SUBIDA,10
sentiment_negative_ratio_45d,0.5295370567776597,0.5295370567776597,AUMENTA_P_SUBIDA,11
news_count_45d,0.5045475770845456,0.5045475770845456,AUMENTA_P_SUBIDA,12
close_vs_ma_200,-0.4585610952775709,0.4585610952775709,REDUCE_P_SUBIDA,13
sentiment_mean_60d,0.45392440847926047,0.45392440847926047,AUMENTA_P_SUBIDA,14
ext_yield_curve_10y2y,0.44799956981020866,0.44799956981020866,AUMENTA_P_SUBIDA,15
news_count_20d,-0.4423636457894801,0.4423636457894801,REDUCE_P_SUBIDA,16
sentiment_momentum_5_20,-0.4108716080866184,0.4108716080866184,REDUCE_P_SUBIDA,17
close_vs_ma_100,-0.39194083887161624,0.39194083887161624,REDUCE_P_SUBIDA,18
sentiment_mean_15d,0.3881964805175412,0.3881964805175412,AUMENTA_P_SUBIDA,19
sentiment_positive_ratio_5d,0.3604975130308354,0.3604975130308354,AUMENTA_P_SUBIDA,20
news_count_log_45d,-0.35275667972373814,0.35275667972373814,REDUCE_P_SUBIDA,21
sentiment_momentum_15_45,-0.3428627624575105,0.3428627624575105,REDUCE_P_SUBIDA,22
macd_diff,0.3291805491483549,0.3291805491483549,AUMENTA_P_SUBIDA,23
sentiment_negative_ratio_30d,0.32908347198140475,0.32908347198140475,AUMENTA_P_SUBIDA,24
rsi_14,-0.32644965306698454,0.32644965306698454,REDUCE_P_SUBIDA,25
return_20d,0.3087088382772534,0.3087088382772534,AUMENTA_P_SUBIDA,26
sentiment_mean_5d,-0.2929193593383747,0.2929193593383747,REDUCE_P_SUBIDA,27
close_vs_ma_20,-0.28601422784690855,0.28601422784690855,REDUCE_P_SUBIDA,28
return_60d,-0.28327666520627154,0.28327666520627154,REDUCE_P_SUBIDA,29
sentiment_available_5d,0.2730163588292575,0.2730163588292575,AUMENTA_P_SUBIDA,30
news_count_log_1d,-0.2709405304602374,0.2709405304602374,REDUCE_P_SUBIDA,31
sentiment_positive_ratio_60d,0.27040688108096805,0.27040688108096805,AUMENTA_P_SUBIDA,32
month,-0.26892121845618283,0.26892121845618283,REDUCE_P_SUBIDA,33
ext_nasdaq100_return_5d,-0.2207889976128518,0.2207889976128518,REDUCE_P_SUBIDA,34
sentiment_available_15d,0.21608988499805934,0.21608988499805934,AUMENTA_P_SUBIDA,35
news_count_1d,0.21485187670056513,0.21485187670056513,AUMENTA_P_SUBIDA,36
close_vs_ma_15,-0.21470763583052943,0.21470763583052943,REDUCE_P_SUBIDA,37
close_vs_ma_10,-0.21028088639875844,0.21028088639875844,REDUCE_P_SUBIDA,38
news_count_log_60d,-0.20503532146571496,0.20503532146571496,REDUCE_P_SUBIDA,39
sentiment_negative_ratio_1d,0.20469056155376555,0.20469056155376555,AUMENTA_P_SUBIDA,40
return_30d,0.20048638548942893,0.20048638548942893,AUMENTA_P_SUBIDA,41
volatility_45d,-0.19989706666279816,0.19989706666279816,REDUCE_P_SUBIDA,42
close_vs_ma_45,-0.19862593553916927,0.19862593553916927,REDUCE_P_SUBIDA,43
ma_50_vs_200,0.19248996492850204,0.19248996492850204,AUMENTA_P_SUBIDA,44
sentiment_negative_ratio_20d,0.16802642769023465,0.16802642769023465,AUMENTA_P_SUBIDA,45
sentiment_negative_ratio_10d,0.16742771310577415,0.16742771310577415,AUMENTA_P_SUBIDA,46
rsi_28,-0.1652744712049282,0.1652744712049282,REDUCE_P_SUBIDA,47
sentiment_momentum_20_60,-0.16293946323811315,0.16293946323811315,REDUCE_P_SUBIDA,48
return_15d,-0.162625997696588,0.162625997696588,REDUCE_P_SUBIDA,49
news_count_log_30d,-0.16205426773016562,0.16205426773016562,REDUCE_P_SUBIDA,50
news_count_15d,-0.15839414915981964,0.15839414915981964,REDUCE_P_SUBIDA,51
news_count_log_20d,-0.15329704632358887,0.15329704632358887,REDUCE_P_SUBIDA,52
sentiment_mean_20d,0.13894376658765936,0.13894376658765936,AUMENTA_P_SUBIDA,53
sentiment_mean_30d,0.13601481765633455,0.13601481765633455,AUMENTA_P_SUBIDA,54
ext_vix_change_5d,-0.13164096114790483,0.13164096114790483,REDUCE_P_SUBIDA,55
return_45d,0.12919038116970866,0.12919038116970866,AUMENTA_P_SUBIDA,56
sentiment_positive_ratio_15d,0.1275766284901367,0.1275766284901367,AUMENTA_P_SUBIDA,57
macd_signal,-0.1268444494885357,0.1268444494885357,REDUCE_P_SUBIDA,58
volatility_15d,-0.12247343794466387,0.12247343794466387,REDUCE_P_SUBIDA,59
volatility_20d,0.1218092094331029,0.1218092094331029,AUMENTA_P_SUBIDA,60
news_count_60d,0.12154372457025114,0.12154372457025114,AUMENTA_P_SUBIDA,61
sentiment_positive_ratio_20d,-0.12112867380272326,0.12112867380272326,REDUCE_P_SUBIDA,62
sentiment_positive_ratio_30d,-0.11808861717663387,0.11808861717663387,REDUCE_P_SUBIDA,63
ext_sp500_return_1d,0.11499962062882896,0.11499962062882896,AUMENTA_P_SUBIDA,64
volatility_10d,-0.11269226695075604,0.11269226695075604,REDUCE_P_SUBIDA,65
volatility_60d,0.11103323847211946,0.11103323847211946,AUMENTA_P_SUBIDA,66
news_count_log_15d,-0.10100810222025064,0.10100810222025064,REDUCE_P_SUBIDA,67
sentiment_mean_10d,0.09043192519047472,0.09043192519047472,AUMENTA_P_SUBIDA,68
news_count_log_5d,-0.09005049108202955,0.09005049108202955,REDUCE_P_SUBIDA,69
bollinger_position,-0.08588211988626092,0.08588211988626092,REDUCE_P_SUBIDA,70
news_count_log_10d,0.07915944615651842,0.07915944615651842,AUMENTA_P_SUBIDA,71
sentiment_negative_ratio_15d,-0.07165084759057423,0.07165084759057423,REDUCE_P_SUBIDA,72
return_3d,0.06803252335530804,0.06803252335530804,AUMENTA_P_SUBIDA,73
ext_eurusd_return_5d,-0.0629797789954267,0.0629797789954267,REDUCE_P_SUBIDA,74
ext_fedfunds_change_5d,-0.06117900645318474,0.06117900645318474,REDUCE_P_SUBIDA,75
return_5d,0.05909298300599495,0.05909298300599495,AUMENTA_P_SUBIDA,76
volatility_30d,0.05561567955094629,0.05561567955094629,AUMENTA_P_SUBIDA,77
sentiment_available_10d,-0.053456278460086416,0.053456278460086416,REDUCE_P_SUBIDA,78
close_vs_ma_5,0.05062538334044816,0.05062538334044816,AUMENTA_P_SUBIDA,79
ext_nasdaq100_return_1d,-0.04693232227443625,0.04693232227443625,REDUCE_P_SUBIDA,80
sentiment_positive_ratio_1d,0.043363917926466926,0.043363917926466926,AUMENTA_P_SUBIDA,81
ext_us2y_change_1d,-0.04266252149296171,0.04266252149296171,REDUCE_P_SUBIDA,82
ext_eurusd_return_1d,0.03879511834353625,0.03879511834353625,AUMENTA_P_SUBIDA,83
close_vs_ma_50,0.038240026285874036,0.038240026285874036,AUMENTA_P_SUBIDA,84
volume_change_1d,0.036937974926005965,0.036937974926005965,AUMENTA_P_SUBIDA,85
ext_sp500_return_5d,-0.03420341126225446,0.03420341126225446,REDUCE_P_SUBIDA,86
return_2d,-0.031516136917721455,0.031516136917721455,REDUCE_P_SUBIDA,87
range_pct,-0.02609895810179277,0.02609895810179277,REDUCE_P_SUBIDA,88
sentiment_mean_1d,0.026091343922388432,0.026091343922388432,AUMENTA_P_SUBIDA,89
ext_vix_level,0.022427077079796683,0.022427077079796683,AUMENTA_P_SUBIDA,90
sentiment_available_1d,-0.021765801482602844,0.021765801482602844,REDUCE_P_SUBIDA,91
ext_us10y_change_1d,-0.021446654730122812,0.021446654730122812,REDUCE_P_SUBIDA,92
volatility_5d,0.020581164209536425,0.020581164209536425,AUMENTA_P_SUBIDA,93
volume_vs_ma20,-0.017299829563869135,0.017299829563869135,REDUCE_P_SUBIDA,94
sentiment_momentum_10_30,0.01646676176904751,0.01646676176904751,AUMENTA_P_SUBIDA,95
macd,-0.01581811957600644,0.01581811957600644,REDUCE_P_SUBIDA,96
gap_return,-0.01536309922547892,0.01536309922547892,REDUCE_P_SUBIDA,97
sentiment_positive_ratio_10d,-0.014794023713606663,0.014794023713606663,REDUCE_P_SUBIDA,98
ext_vix_change_1d,-0.013649281721251981,0.013649281721251981,REDUCE_P_SUBIDA,99
day_of_week,-0.0109695564610493,0.0109695564610493,REDUCE_P_SUBIDA,100
news_count_10d,-0.01089006728533338,0.01089006728533338,REDUCE_P_SUBIDA,101
return_1d,-0.009871367763142317,0.009871367763142317,REDUCE_P_SUBIDA,102
close_vs_ma_30,-0.006718374438985606,0.006718374438985606,REDUCE_P_SUBIDA,103
intraday_return,-0.006183405724914137,0.006183405724914137,REDUCE_P_SUBIDA,104
return_10d,-0.002746254844111659,0.002746254844111659,REDUCE_P_SUBIDA,105
news_count_5d,-0.0022846177634662382,0.0022846177634662382,REDUCE_P_SUBIDA,106
sentiment_available_30d,0.0,0.0,AUMENTA_P_SUBIDA,107
sentiment_available_20d,0.0,0.0,AUMENTA_P_SUBIDA,108
sentiment_available_45d,0.0,0.0,AUMENTA_P_SUBIDA,109
sentiment_available_60d,0.0,0.0,AUMENTA_P_SUBIDA,110
