created_at,ticker,prediction_date,horizon,probability_up,probability_down,signal,confidence,sentiment,model_probabilities,realized_return,actual_direction,correct,sentiment_context
2026-08-13T21:12:28,SXR8,2026-08-05,1,0.1467197847771376,0.8532802152228625,BAJADA / BAJISTA,ALTA,0.0,"{""LogisticRegression"": 0.053513516588218756, ""RandomForest"": 0.23725683899006275}",,,,
2026-08-13T21:12:33,SXR8,2026-08-05,5,0.1237901539440159,0.876209846055984,BAJADA / BAJISTA,ALTA,0.0,"{""LogisticRegression"": 0.19062961239815163, ""RandomForest"": 0.06102940101554809}",,,,
2026-08-13T21:12:37,SXR8,2026-08-05,20,0.1751370976908597,0.8248629023091403,BAJADA / BAJISTA,ALTA,0.0,"{""LogisticRegression"": 0.20596540808519456, ""RandomForest"": 0.1458310813475879}",,,,
2026-09-05T12:19:21,SXR8,2026-05-19,1,0.5760489364396412,0.4239510635603588,NEUTRAL / BAJA CONFIANZA,BAJA,,"{""LogisticRegression"": 0.7040457947145339, ""RandomForest"": 0.5228945275303422, ""XGBoost"": 0.5471562147140503, ""LSTM"": 0.5084789395332336}",,,,-0.0270974698662757
2026-09-05T12:22:53,SXR8,2026-05-19,5,0.5109740928986151,0.4890259071013849,NEUTRAL / BAJA CONFIANZA,BAJA,,"{""LogisticRegression"": 0.686848413223533, ""RandomForest"": 0.39729081056631277, ""XGBoost"": 0.5099995136260986, ""LSTM"": 0.32852086424827576}",,,,-0.0270974698662757
2026-09-05T12:26:10,SXR8,2026-05-19,10,0.4376576542100812,0.5623423457899188,NEUTRAL / BAJA CONFIANZA,BAJA,,"{""LogisticRegression"": 0.42894810998531513, ""RandomForest"": 0.4622665450373371, ""XGBoost"": 0.4675063192844391, ""LSTM"": 0.36653000116348267}",,,,-0.0270974698662757
2026-09-05T12:29:29,SXR8,2026-05-19,15,0.3286501075269734,0.6713498924730266,BAJADA / BAJISTA,MODERADA,,"{""LogisticRegression"": 0.25661017663706015, ""RandomForest"": 0.4017838708209476, ""XGBoost"": 0.2746545672416687, ""LSTM"": 0.4880986511707306}",,,,-0.0270974698662757
2026-09-05T12:32:51,SXR8,2026-05-19,20,0.3001842099829976,0.6998157900170023,BAJADA / BAJISTA,MODERADA,,"{""LogisticRegression"": 0.20338686437663306, ""RandomForest"": 0.4067536455219814, ""XGBoost"": 0.22647865116596222, ""LSTM"": 0.44914549589157104}",,,,-0.0270974698662757
2026-09-05T12:36:02,SXR8,2026-05-19,30,0.3163291845127031,0.6836708154872969,BAJADA / BAJISTA,MODERADA,,"{""LogisticRegression"": 0.26154027795777207, ""RandomForest"": 0.4547449275904284, ""XGBoost"": 0.17188449203968048, ""LSTM"": 0.43115827441215515}",,,,-0.0270974698662757
2026-09-05T12:39:07,SXR8,2026-05-19,45,0.3230720350837137,0.6769279649162863,BAJADA / BAJISTA,MODERADA,,"{""LogisticRegression"": 0.15586546083803154, ""RandomForest"": 0.42891013250302434, ""XGBoost"": 0.23797394335269928, ""LSTM"": 0.4763076603412628}",,,,-0.0270974698662757
2026-09-05T12:42:08,SXR8,2026-05-19,60,0.4020394495856945,0.5979605504143055,NEUTRAL / BAJA CONFIANZA,BAJA,,"{""LogisticRegression"": 0.2246185418339944, ""RandomForest"": 0.4124191921417829, ""XGBoost"": 0.456704318523407, ""LSTM"": 0.5276584029197693}",,,,-0.0270974698662757
2026-09-05T12:48:50,SXRV,2026-05-19,1,0.5764300461465363,0.4235699538534637,NEUTRAL / BAJA CONFIANZA,BAJA,,"{""LogisticRegression"": 0.8149634378538267, ""RandomForest"": 0.5041410942264186, ""XGBoost"": 0.47970378398895264, ""LSTM"": 0.4649208188056946}",,,,0.1220333123207092
2026-09-05T12:52:23,SXRV,2026-05-19,5,0.3004735939758218,0.6995264060241781,BAJADA / BAJISTA,MODERADA,,"{""LogisticRegression"": 0.00456941697030932, ""RandomForest"": 0.4952400167614742, ""XGBoost"": 0.34022942185401917, ""LSTM"": 0.4099876880645752}",,,,0.1220333123207092
2026-09-05T12:55:55,SXRV,2026-05-19,10,0.3650229560201644,0.6349770439798356,BAJADA / BAJISTA,MODERADA,,"{""LogisticRegression"": 0.00282381465367175, ""RandomForest"": 0.5651533775463894, ""XGBoost"": 0.5726264715194702, ""LSTM"": 0.42054232954978943}",,,,0.1220333123207092
2026-09-05T12:59:42,SXRV,2026-05-19,15,0.3242735235693357,0.6757264764306643,BAJADA / BAJISTA,MODERADA,,"{""LogisticRegression"": 0.00527095081628417, ""RandomForest"": 0.547344402183286, ""XGBoost"": 0.5968267917633057, ""LSTM"": 0.059682756662368774}",,,,0.1220333123207092
2026-09-05T13:03:20,SXRV,2026-05-19,20,0.3822654364155756,0.6177345635844245,BAJADA / BAJISTA,BAJA,,"{""LogisticRegression"": 0.02237683239481139, ""RandomForest"": 0.613845178854087, ""XGBoost"": 0.7034329771995544, ""LSTM"": 0.16547878086566925}",,,,0.1220333123207092
2026-09-05T13:06:56,SXRV,2026-05-19,30,0.5912826268222204,0.4087173731777795,NEUTRAL / BAJA CONFIANZA,BAJA,,"{""LogisticRegression"": 0.994391088482221, ""RandomForest"": 0.6133012477620645, ""XGBoost"": 0.3795483112335205, ""LSTM"": 0.3450051546096802}",,,,0.1220333123207092
2026-09-05T13:10:11,SXRV,2026-05-19,45,0.5340458376491922,0.4659541623508078,NEUTRAL / BAJA CONFIANZA,BAJA,,"{""LogisticRegression"": 0.9534782978530274, ""RandomForest"": 0.49352017666290904, ""XGBoost"": 0.17093360424041748, ""LSTM"": 0.40838539600372314}",,,,0.1220333123207092
2026-09-05T13:13:27,SXRV,2026-05-19,60,0.6858608444643088,0.31413915553569116,SUBIDA / ALCISTA,MODERADA,,"{""LogisticRegression"": 0.9999975926497702, ""RandomForest"": 0.6399790593165502, ""XGBoost"": 0.3532003164291382, ""LSTM"": 0.4999576508998871}",,,,0.12203331232070923
