ETF,Horizonte,P_Subida,P_Bajada,Señal,Confianza,AUC_ensemble,BalAcc_ensemble,F1_ensemble,AUC_baseline,Sharpe,Return_strategy,Return_BH,Exposure,NLP_model,AUC_nonoverlap_mean,AUC_nonoverlap_std,AUC_bootstrap_low,AUC_bootstrap_high,Effective_N,Predicted_future_price,Regression_model_selected,Regression_RMSE,Regression_persistence_RMSE,Regression_RMSE_skill,Regression_MAE,Regression_MAPE_pct,Regression_R2,Regression_expected_return,regression_skill_component,final_score
SXRV,30,0.5912826268222204,0.40871737317777956,NEUTRAL / BAJA CONFIANZA,BAJA,0.7951467921762279,0.6381987577639752,0.8236914600550964,0.5,1.039094408520128,0.3674028985308644,0.24309680108367138,0.7246376811594203,True,0.7862064324564325,0.08370092376739317,0.6542920864364639,0.9273572145861508,17,1408.4206989237816,RandomForestRegressor,74.84015544326405,83.25991555794634,0.1011262149169776,52.789749837867646,4.77824790596537,0.478236640387218,-0.008712908978194212,0.1011262149169776,0.5619857505380819
SXR8,45,0.3230720350837137,0.6769279649162863,BAJADA / BAJISTA,MODERADA,0.8276955602536998,0.6274004580690627,0.8655569782330346,0.5,0.8390758080279144,0.22004648048753506,0.2563349690290415,0.5987525987525988,True,0.8638624338624341,0.10239771269508781,0.7289821150447894,0.9334605656847406,11,662.4977082151236,RandomForestRegressor,35.22239715396062,39.893609648904004,0.1170917481785636,25.95177007302975,4.554290903421306,0.2721037190866654,-0.027083578266626218,0.1170917481785636,0.5538694910445648
SXRV,45,0.5340458376491922,0.4659541623508078,NEUTRAL / BAJA CONFIANZA,BAJA,0.8346426245522632,0.5255210029306414,0.8244084682440846,0.5,1.064919356586524,0.41126069598652015,0.30819218067540444,0.81875,True,0.8585626102292768,0.07685776502348915,0.7874512239062544,0.9401444117351047,11,1396.3181000031689,RandomForestRegressor,88.25180982736472,99.04096428582804,0.10893628243891362,61.67558234819642,5.660666166552469,0.2761182643340474,-0.01723106700227417,0.10893628243891362,0.5517843614723875
SXRV,20,0.3822654364155756,0.6177345635844245,BAJADA / BAJISTA,BAJA,0.72249839942756,0.6157778782058525,0.7983193277310925,0.5,1.244742378169485,0.4059119922283807,0.3254620123203267,0.5628865979381443,True,0.7212516728913787,0.053047016853942704,0.5595750190184122,0.8390787109056492,25,1421.1710953106215,RandomForestRegressor,60.844014962936235,67.63961141804042,0.10046770394798132,43.30771541207181,3.8809996139055745,0.6548685975288171,0.0002611875778586459,0.10046770394798132,0.5513866879576539
SXR8,60,0.40203944958569454,0.5979605504143055,NEUTRAL / BAJA CONFIANZA,BAJA,0.7958128303262256,0.5191361399671952,0.8401486988847584,0.5,1.0781289971217844,0.3230915642294714,0.22338220918866347,0.7071129707112971,True,0.8027504105090312,0.16418479725947038,0.6847049910873441,0.901996326939316,8,670.5493369995311,RandomForestRegressor,39.01352975796819,45.558743828927874,0.1436653761907225,30.06390467432303,5.248778783207171,0.10494125547702315,-0.01525929303678586,0.1436653761907225,0.5448645005563006
SXRV,60,0.6858608444643088,0.31413915553569116,SUBIDA / ALCISTA,MODERADA,0.8256854256854257,0.5,0.8178438661710037,0.5,0.7578279444102984,0.27982366851992535,0.2640380196365195,0.9916142557651991,True,0.8114139515455304,0.16778977429298178,0.7561194738265281,0.9683364116020374,8,1391.8236218745226,RandomForestRegressor,92.75953218597778,109.32729673951044,0.15154279898649636,67.53183080306415,6.15704505318113,0.20123405790807203,-0.02039441027975608,0.15154279898649636,0.5200812532282281
SXR8,30,0.3163291845127031,0.6836708154872969,BAJADA / BAJISTA,MODERADA,0.7050373868555686,0.6114718614718615,0.7680945347119645,0.5,0.5424446012925128,0.13029791536554747,0.21388591163510884,0.5103305785123967,True,0.7057070707070707,0.07371699540927863,0.576514364585903,0.8686304680784085,17,668.7586395197999,RandomForestRegressor,30.343303214097713,32.701160580947416,0.07210317080377437,22.076476971295687,3.86398128266724,0.46141730217663013,-0.01788903644990769,0.07210317080377437,0.4682961450574205
SXR8,20,0.30018420998299766,0.6998157900170023,BAJADA / BAJISTA,MODERADA,0.6936140209508461,0.6470789685737308,0.7994227994227994,0.5,0.3217664833784318,0.06940091477362387,0.2558680892337517,0.5349794238683128,True,0.6956973929922846,0.06614300201957901,0.5575082275039336,0.8403781905343625,25,673.9731061125468,RandomForestRegressor,24.580140684500677,26.116373852148485,0.05882260593851274,17.542157788572563,3.0628960524073254,0.647664659385746,-0.010231288935079852,0.05882260593851274,0.4484758190017746
SXR8,15,0.3286501075269734,0.6713498924730266,BAJADA / BAJISTA,MODERADA,0.634690366972477,0.5660359327217126,0.7602836879432624,0.5,0.7921477027998802,0.2193751868064453,0.2670483116079352,0.6632443531827515,True,0.6397742365232484,0.10103293540988387,0.5094694779924303,0.787585116819883,33,678.9970607745247,RandomForestRegressor,22.730952284480914,22.937428859481575,0.009001731461079188,16.206816045402626,2.837213292593775,0.6993055445690501,-0.0028533192725869183,0.009001731461079188,0.44466572819299893
SXRV,15,0.32427352356933575,0.6757264764306643,BAJADA / BAJISTA,MODERADA,0.6029010755946069,0.49242539009241026,0.7377049180327869,0.5,0.6368516107553288,0.18841229075248034,0.34111424541608115,0.5699588477366255,True,0.5990315921445871,0.08513252873608158,0.5101220783386934,0.7035473500428494,33,1419.1798526246414,RandomForestRegressor,55.28877945934559,58.90297883675851,0.06135851613598642,40.30392850423802,3.603979791790012,0.7150102473713127,-0.0011403064297287324,0.06135851613598642,0.41007858828394517
SXR8,5,0.5109740928986151,0.48902590710138494,NEUTRAL / BAJA CONFIANZA,BAJA,0.5222328684481351,0.49776429255828814,0.6982758620689655,0.5,0.8135732477278765,0.1999512847424163,0.3193981898679612,0.6584867075664622,True,0.5209543407655468,0.014332608903929444,0.4305189497905995,0.605630865412133,98,682.8926543430456,XGBRegressor,12.560418056250636,12.581354005489708,0.001664045795860769,8.80821848192642,1.5372385438168763,0.9086413917691805,0.0028675864878631163,0.001664045795860769,0.38891271102837915
SXR8,10,0.4376576542100812,0.5623423457899188,NEUTRAL / BAJA CONFIANZA,BAJA,0.5849702380952381,0.5077380952380952,0.7333333333333333,0.5,0.5267844207741518,0.13081097638609362,0.2953166329547199,0.6618852459016393,True,0.5828256033596235,0.03518511192958706,0.49639601005843836,0.6899242324418011,49,679.3928782483913,RandomForestRegressor,19.219144041496353,18.6349637429985,-0.03134861470912931,13.42274320706795,2.3489129593503075,0.7855651521348935,-0.002272038287674083,-0.03134861470912931,0.3780828262784464
SXRV,10,0.36502295602016444,0.6349770439798356,BAJADA / BAJISTA,MODERADA,0.537513572204126,0.5107039449873326,0.688622754491018,0.5,0.28430309199987935,0.0602855176264232,0.38550534597539143,0.45790554414784396,True,0.5365919224026529,0.044516872272357455,0.44266744579544254,0.637902859719999,49,1416.1556300883124,RandomForestRegressor,45.09164992805635,47.199985199941985,0.04466813417323334,32.81000457929724,2.926971686517317,0.810526687607337,-0.003268841435590919,0.04466813417323334,0.3531696725529119
SXRV,5,0.30047359397582185,0.6995264060241781,BAJADA / BAJISTA,MODERADA,0.5317250844594594,0.5468046171171171,0.6655844155844156,0.5,0.23657461366591276,0.0450206314937005,0.4491054904380025,0.2889344262295082,True,0.53566281553306,0.032504572082283065,0.450887184372037,0.6163162823499293,98,1418.784983537876,RandomForestRegressor,30.916125858913794,31.220039634745532,0.009734573670864388,22.909883429981562,2.04807705923682,0.9110156558503771,-0.0014182266766074036,0.009734573670864388,0.3484093099408542
SXR8,1,0.5760489364396412,0.42395106356035883,NEUTRAL / BAJA CONFIANZA,BAJA,0.4561427265648803,0.46149158739293816,0.5922330097087378,0.5,0.2233879982449293,0.03301068765581339,0.30476372680313224,0.2965235173824131,True,0.4561427265648803,0.0,0.4082772594573309,0.5100804253559315,489,681.3124378459098,XGBRegressor,5.611554694134753,5.61977321042454,0.0014624284614442873,3.826271489053823,0.6634810697428255,0.98176491944429,0.0005469466412748591,0.0014624284614442873,0.2976541366627244
SXRV,1,0.5764300461465363,0.42356995385346374,NEUTRAL / BAJA CONFIANZA,BAJA,0.4357380048793711,0.4522736513960423,0.5182481751824818,0.5,-0.0813533255971124,-0.023020339084078856,0.4177768940147124,0.07157464212678936,True,0.4357380048793711,0.0,0.3911392714894466,0.4944054536377315,489,1421.8626640132397,XGBRegressor,13.71446754030024,13.738756860858977,0.0017679416562016437,9.897707873604045,0.8834480378105877,0.9825078896153344,0.0007479335678770571,0.0017679416562016437,0.25779497032831955
